extensions\discord\src\actions\runtime.moderation-shared.ts (1:36) [33m[UNRESOLVED_IMPORT] Warning:[0m Could not resolve 'discord-api-types/v10' in extensions/discord/src/actions/runtime.moderation-shared.ts
   [38;5;246m╭[0m[38;5;246m─[0m[38;5;246m[[0m extensions/discord/src/actions/runtime.moderation-shared.ts:1:37 [38;5;246m][0m
   [38;5;246m│[0m
 [38;5;246m1 │[0m [38;5;249mi[0m[38;5;249mm[0m[38;5;249mp[0m[38;5;249mo[0m[38;5;249mr[0m[38;5;249mt[0m[38;5;249m [0m[38;5;249m{[0m[38;5;249m [0m[38;5;249mP[0m[38;5;249me[0m[38;5;249mr[0m[38;5;249mm[0m[38;5;249mi[0m[38;5;249ms[0m[38;5;249ms[0m[38;5;249mi[0m[38;5;249mo[0m[38;5;249mn[0m[38;5;249mF[0m[38;5;249ml[0m[38;5;249ma[0m[38;5;249mg[0m[38;5;249ms[0m[38;5;249mB[0m[38;5;249mi[0m[38;5;249mt[0m[38;5;249ms[0m[38;5;249m [0m[38;5;249m}[0m[38;5;249m [0m[38;5;249mf[0m[38;5;249mr[0m[38;5;249mo[0m[38;5;249mm[0m[38;5;249m [0m"discord-api-types/v10"[38;5;249m;[0m
 [38;5;240m  │[0m                                     ───────────┬───────────  
 [38;5;240m  │[0m                                                ╰───────────── Module not found, treating it as an external dependency
[38;5;246m───╯[0m

extensions\discord\src\monitor\thread-bindings.manager.ts (1:23) [33m[UNRESOLVED_IMPORT] Warning:[0m Could not resolve 'discord-api-types/v10' in extensions/discord/src/monitor/thread-bindings.manager.ts
   [38;5;246m╭[0m[38;5;246m─[0m[38;5;246m[[0m extensions/discord/src/monitor/thread-bindings.manager.ts:1:24 [38;5;246m][0m
   [38;5;246m│[0m
 [38;5;246m1 │[0m [38;5;249mi[0m[38;5;249mm[0m[38;5;249mp[0m[38;5;249mo[0m[38;5;249mr[0m[38;5;249mt[0m[38;5;249m [0m[38;5;249m{[0m[38;5;249m [0m[38;5;249mR[0m[38;5;249mo[0m[38;5;249mu[0m[38;5;249mt[0m[38;5;249me[0m[38;5;249ms[0m[38;5;249m [0m[38;5;249m}[0m[38;5;249m [0m[38;5;249mf[0m[38;5;249mr[0m[38;5;249mo[0m[38;5;249mm[0m[38;5;249m [0m"discord-api-types/v10"[38;5;249m;[0m
 [38;5;240m  │[0m                        ───────────┬───────────  
 [38;5;240m  │[0m                                   ╰───────────── Module not found, treating it as an external dependency
[38;5;246m───╯[0m

extensions\discord\src\monitor\gateway-plugin.ts (1:46) [33m[UNRESOLVED_IMPORT] Warning:[0m Could not resolve '@buape/carbon/gateway' in extensions/discord/src/monitor/gateway-plugin.ts
   [38;5;246m╭[0m[38;5;246m─[0m[38;5;246m[[0m extensions/discord/src/monitor/gateway-plugin.ts:1:47 [38;5;246m][0m
   [38;5;246m│[0m
 [38;5;246m1 │[0m [38;5;249mi[0m[38;5;249mm[0m[38;5;249mp[0m[38;5;249mo[0m[38;5;249mr[0m[38;5;249mt[0m[38;5;249m [0m[38;5;249m{[0m[38;5;249m [0m[38;5;249mG[0m[38;5;249ma[0m[38;5;249mt[0m[38;5;249me[0m[38;5;249mw[0m[38;5;249ma[0m[38;5;249my[0m[38;5;249mI[0m[38;5;249mn[0m[38;5;249mt[0m[38;5;249me[0m[38;5;249mn[0m[38;5;249mt[0m[38;5;249ms[0m[38;5;249m,[0m[38;5;249m [0m[38;5;249mG[0m[38;5;249ma[0m[38;5;249mt[0m[38;5;249me[0m[38;5;249mw[0m[38;5;249ma[0m[38;5;249my[0m[38;5;249mP[0m[38;5;249ml[0m[38;5;249mu[0m[38;5;249mg[0m[38;5;249mi[0m[38;5;249mn[0m[38;5;249m [0m[38;5;249m}[0m[38;5;249m [0m[38;5;249mf[0m[38;5;249mr[0m[38;5;249mo[0m[38;5;249mm[0m[38;5;249m [0m"@buape/carbon/gateway"[38;5;249m;[0m
 [38;5;240m  │[0m                                               ───────────┬───────────  
 [38;5;240m  │[0m                                                          ╰───────────── Module not found, treating it as an external dependency
[38;5;246m───╯[0m

extensions\discord\src\components.ts (26:7) [33m[UNRESOLVED_IMPORT] Warning:[0m Could not resolve '@buape/carbon' in extensions/discord/src/components.ts
    [38;5;246m╭[0m[38;5;246m─[0m[38;5;246m[[0m extensions/discord/src/components.ts:26:8 [38;5;246m][0m
    [38;5;246m│[0m
 [38;5;246m26 │[0m [38;5;249m}[0m[38;5;249m [0m[38;5;249mf[0m[38;5;249mr[0m[38;5;249mo[0m[38;5;249mm[0m[38;5;249m [0m"@buape/carbon"[38;5;249m;[0m
 [38;5;240m   │[0m        ───────┬───────  
 [38;5;240m   │[0m               ╰───────── Module not found, treating it as an external dependency
[38;5;246m────╯[0m

extensions\discord\src\components.ts (27:58) [33m[UNRESOLVED_IMPORT] Warning:[0m Could not resolve 'discord-api-types/v10' in extensions/discord/src/components.ts
    [38;5;246m╭[0m[38;5;246m─[0m[38;5;246m[[0m extensions/discord/src/components.ts:27:59 [38;5;246m][0m
    [38;5;246m│[0m
 [38;5;246m27 │[0m [38;5;249mi[0m[38;5;249mm[0m[38;5;249mp[0m[38;5;249mo[0m[38;5;249mr[0m[38;5;249mt[0m[38;5;249m [0m[38;5;249m{[0m[38;5;249m [0m[38;5;249mB[0m[38;5;249mu[0m[38;5;249mt[0m[38;5;249mt[0m[38;5;249mo[0m[38;5;249mn[0m[38;5;249mS[0m[38;5;249mt[0m[38;5;249my[0m[38;5;249ml[0m[38;5;249me[0m[38;5;249m,[0m[38;5;249m [0m[38;5;249mM[0m[38;5;249me[0m[38;5;249ms[0m[38;5;249ms[0m[38;5;249ma[0m[38;5;249mg[0m[38;5;249me[0m[38;5;249mF[0m[38;5;249ml[0m[38;5;249ma[0m[38;5;249mg[0m[38;5;249ms[0m[38;5;249m,[0m[38;5;249m [0m[38;5;249mT[0m[38;5;249me[0m[38;5;249mx[0m[38;5;249mt[0m[38;5;249mI[0m[38;5;249mn[0m[38;5;249mp[0m[38;5;249mu[0m[38;5;249mt[0m[38;5;249mS[0m[38;5;249mt[0m[38;5;249my[0m[38;5;249ml[0m[38;5;249me[0m[38;5;249m [0m[38;5;249m}[0m[38;5;249m [0m[38;5;249mf[0m[38;5;249mr[0m[38;5;249mo[0m[38;5;249mm[0m[38;5;249m [0m"discord-api-types/v10"[38;5;249m;[0m
 [38;5;240m   │[0m                                                           ───────────┬───────────  
 [38;5;240m   │[0m                                                                      ╰───────────── Module not found, treating it as an external dependency
[38;5;246m────╯[0m

extensions\slack\src\client.ts (1:68) [33m[UNRESOLVED_IMPORT] Warning:[0m Could not resolve '@slack/web-api' in extensions/slack/src/client.ts
   [38;5;246m╭[0m[38;5;246m─[0m[38;5;246m[[0m extensions/slack/src/client.ts:1:69 [38;5;246m][0m
   [38;5;246m│[0m
 [38;5;246m1 │[0m [38;5;249mi[0m[38;5;249mm[0m[38;5;249mp[0m[38;5;249mo[0m[38;5;249mr[0m[38;5;249mt[0m[38;5;249m [0m[38;5;249m{[0m[38;5;249m [0m[38;5;249mt[0m[38;5;249my[0m[38;5;249mp[0m[38;5;249me[0m[38;5;249m [0m[38;5;249mR[0m[38;5;249me[0m[38;5;249mt[0m[38;5;249mr[0m[38;5;249my[0m[38;5;249mO[0m[38;5;249mp[0m[38;5;249mt[0m[38;5;249mi[0m[38;5;249mo[0m[38;5;249mn[0m[38;5;249ms[0m[38;5;249m,[0m[38;5;249m [0m[38;5;249mt[0m[38;5;249my[0m[38;5;249mp[0m[38;5;249me[0m[38;5;249m [0m[38;5;249mW[0m[38;5;249me[0m[38;5;249mb[0m[38;5;249mC[0m[38;5;249ml[0m[38;5;249mi[0m[38;5;249me[0m[38;5;249mn[0m[38;5;249mt[0m[38;5;249mO[0m[38;5;249mp[0m[38;5;249mt[0m[38;5;249mi[0m[38;5;249mo[0m[38;5;249mn[0m[38;5;249ms[0m[38;5;249m,[0m[38;5;249m [0m[38;5;249mW[0m[38;5;249me[0m[38;5;249mb[0m[38;5;249mC[0m[38;5;249ml[0m[38;5;249mi[0m[38;5;249me[0m[38;5;249mn[0m[38;5;249mt[0m[38;5;249m [0m[38;5;249m}[0m[38;5;249m [0m[38;5;249mf[0m[38;5;249mr[0m[38;5;249mo[0m[38;5;249mm[0m[38;5;249m [0m"@slack/web-api"[38;5;249m;[0m
 [38;5;240m  │[0m                                                                     ────────┬───────  
 [38;5;240m  │[0m                                                                             ╰───────── Module not found, treating it as an external dependency
[38;5;246m───╯[0m

extensions\discord\src\monitor\threading.ts (1:41) [33m[UNRESOLVED_IMPORT] Warning:[0m Could not resolve '@buape/carbon' in extensions/discord/src/monitor/threading.ts
   [38;5;246m╭[0m[38;5;246m─[0m[38;5;246m[[0m extensions/discord/src/monitor/threading.ts:1:42 [38;5;246m][0m
   [38;5;246m│[0m
 [38;5;246m1 │[0m [38;5;249mi[0m[38;5;249mm[0m[38;5;249mp[0m[38;5;249mo[0m[38;5;249mr[0m[38;5;249mt[0m[38;5;249m [0m[38;5;249m{[0m[38;5;249m [0m[38;5;249mC[0m[38;5;249mh[0m[38;5;249ma[0m[38;5;249mn[0m[38;5;249mn[0m[38;5;249me[0m[38;5;249ml[0m[38;5;249mT[0m[38;5;249my[0m[38;5;249mp[0m[38;5;249me[0m[38;5;249m,[0m[38;5;249m [0m[38;5;249mt[0m[38;5;249my[0m[38;5;249mp[0m[38;5;249me[0m[38;5;249m [0m[38;5;249mC[0m[38;5;249ml[0m[38;5;249mi[0m[38;5;249me[0m[38;5;249mn[0m[38;5;249mt[0m[38;5;249m [0m[38;5;249m}[0m[38;5;249m [0m[38;5;249mf[0m[38;5;249mr[0m[38;5;249mo[0m[38;5;249mm[0m[38;5;249m [0m"@buape/carbon"[38;5;249m;[0m
 [38;5;240m  │[0m                                          ───────┬───────  
 [38;5;240m  │[0m                                                 ╰───────── Module not found, treating it as an external dependency
[38;5;246m───╯[0m

extensions\discord\src\monitor\threading.ts (2:23) [33m[UNRESOLVED_IMPORT] Warning:[0m Could not resolve 'discord-api-types/v10' in extensions/discord/src/monitor/threading.ts
   [38;5;246m╭[0m[38;5;246m─[0m[38;5;246m[[0m extensions/discord/src/monitor/threading.ts:2:24 [38;5;246m][0m
   [38;5;246m│[0m
 [38;5;246m2 │[0m [38;5;249mi[0m[38;5;249mm[0m[38;5;249mp[0m[38;5;249mo[0m[38;5;249mr[0m[38;5;249mt[0m[38;5;249m [0m[38;5;249m{[0m[38;5;249m [0m[38;5;249mR[0m[38;5;249mo[0m[38;5;249mu[0m[38;5;249mt[0m[38;5;249me[0m[38;5;249ms[0m[38;5;249m [0m[38;5;249m}[0m[38;5;249m [0m[38;5;249mf[0m[38;5;249mr[0m[38;5;249mo[0m[38;5;249mm[0m[38;5;249m [0m"discord-api-types/v10"[38;5;249m;[0m
 [38;5;240m  │[0m                        ───────────┬───────────  
 [38;5;240m  │[0m                                   ╰───────────── Module not found, treating it as an external dependency
[38;5;246m───╯[0m

extensions\discord\src\send.outbound.ts (4:80) [33m[UNRESOLVED_IMPORT] Warning:[0m Could not resolve '@buape/carbon' in extensions/discord/src/send.outbound.ts
   [38;5;246m╭[0m[38;5;246m─[0m[38;5;246m[[0m extensions/discord/src/send.outbound.ts:4:81 [38;5;246m][0m
   [38;5;246m│[0m
 [38;5;246m4 │[0m [38;5;249mi[0m[38;5;249mm[0m[38;5;249mp[0m[38;5;249mo[0m[38;5;249mr[0m[38;5;249mt[0m[38;5;249m [0m[38;5;249m{[0m[38;5;249m [0m[38;5;249ms[0m[38;5;249me[0m[38;5;249mr[0m[38;5;249mi[0m[38;5;249ma[0m[38;5;249ml[0m[38;5;249mi[0m[38;5;249mz[0m[38;5;249me[0m[38;5;249mP[0m[38;5;249ma[0m[38;5;249my[0m[38;5;249ml[0m[38;5;249mo[0m[38;5;249ma[0m[38;5;249md[0m[38;5;249m,[0m[38;5;249m [0m[38;5;249mt[0m[38;5;249my[0m[38;5;249mp[0m[38;5;249me[0m[38;5;249m [0m[38;5;249mM[0m[38;5;249me[0m[38;5;249ms[0m[38;5;249ms[0m[38;5;249ma[0m[38;5;249mg[0m[38;5;249me[0m[38;5;249mP[0m[38;5;249ma[0m[38;5;249my[0m[38;5;249ml[0m[38;5;249mo[0m[38;5;249ma[0m[38;5;249md[0m[38;5;249mO[0m[38;5;249mb[0m[38;5;249mj[0m[38;5;249me[0m[38;5;249mc[0m[38;5;249mt[0m[38;5;249m,[0m[38;5;249m [0m[38;5;249mt[0m[38;5;249my[0m[38;5;249mp[0m[38;5;249me[0m[38;5;249m [0m[38;5;249mR[0m[38;5;249me[0m[38;5;249mq[0m[38;5;249mu[0m[38;5;249me[0m[38;5;249ms[0m[38;5;249mt[0m[38;5;249mC[0m[38;5;249ml[0m[38;5;249mi[0m[38;5;249me[0m[38;5;249mn[0m[38;5;249mt[0m[38;5;249m [0m[38;5;249m}[0m[38;5;249m [0m[38;5;249mf[0m[38;5;249mr[0m[38;5;249mo[0m[38;5;249mm[0m[38;5;249m [0m"@buape/carbon"[38;5;249m;[0m
 [38;5;240m  │[0m                                                                                 ───────┬───────  
 [38;5;240m  │[0m                                                                                        ╰───────── Module not found, treating it as an external dependency
[38;5;246m───╯[0m

extensions\discord\src\send.outbound.ts (5:36) [33m[UNRESOLVED_IMPORT] Warning:[0m Could not resolve 'discord-api-types/v10' in extensions/discord/src/send.outbound.ts
   [38;5;246m╭[0m[38;5;246m─[0m[38;5;246m[[0m extensions/discord/src/send.outbound.ts:5:37 [38;5;246m][0m
   [38;5;246m│[0m
 [38;5;246m5 │[0m [38;5;249mi[0m[38;5;249mm[0m[38;5;249mp[0m[38;5;249mo[0m[38;5;249mr[0m[38;5;249mt[0m[38;5;249m [0m[38;5;249m{[0m[38;5;249m [0m[38;5;249mC[0m[38;5;249mh[0m[38;5;249ma[0m[38;5;249mn[0m[38;5;249mn[0m[38;5;249me[0m[38;5;249ml[0m[38;5;249mT[0m[38;5;249my[0m[38;5;249mp[0m[38;5;249me[0m[38;5;249m,[0m[38;5;249m [0m[38;5;249mR[0m[38;5;249mo[0m[38;5;249mu[0m[38;5;249mt[0m[38;5;249me[0m[38;5;249ms[0m[38;5;249m [0m[38;5;249m}[0m[38;5;249m [0m[38;5;249mf[0m[38;5;249mr[0m[38;5;249mo[0m[38;5;249mm[0m[38;5;249m [0m"discord-api-types/v10"[38;5;249m;[0m
 [38;5;240m  │[0m                                     ───────────┬───────────  
 [38;5;240m  │[0m                                                ╰───────────── Module not found, treating it as an external dependency
[38;5;246m───╯[0m

extensions\discord\src\send.permissions.ts (3:57) [33m[UNRESOLVED_IMPORT] Warning:[0m Could not resolve 'discord-api-types/v10' in extensions/discord/src/send.permissions.ts
   [38;5;246m╭[0m[38;5;246m─[0m[38;5;246m[[0m extensions/discord/src/send.permissions.ts:3:58 [38;5;246m][0m
   [38;5;246m│[0m
 [38;5;246m3 │[0m [38;5;249mi[0m[38;5;249mm[0m[38;5;249mp[0m[38;5;249mo[0m[38;5;249mr[0m[38;5;249mt[0m[38;5;249m [0m[38;5;249m{[0m[38;5;249m [0m[38;5;249mC[0m[38;5;249mh[0m[38;5;249ma[0m[38;5;249mn[0m[38;5;249mn[0m[38;5;249me[0m[38;5;249ml[0m[38;5;249mT[0m[38;5;249my[0m[38;5;249mp[0m[38;5;249me[0m[38;5;249m,[0m[38;5;249m [0m[38;5;249mP[0m[38;5;249me[0m[38;5;249mr[0m[38;5;249mm[0m[38;5;249mi[0m[38;5;249ms[0m[38;5;249ms[0m[38;5;249mi[0m[38;5;249mo[0m[38;5;249mn[0m[38;5;249mF[0m[38;5;249ml[0m[38;5;249ma[0m[38;5;249mg[0m[38;5;249ms[0m[38;5;249mB[0m[38;5;249mi[0m[38;5;249mt[0m[38;5;249ms[0m[38;5;249m,[0m[38;5;249m [0m[38;5;249mR[0m[38;5;249mo[0m[38;5;249mu[0m[38;5;249mt[0m[38;5;249me[0m[38;5;249ms[0m[38;5;249m [0m[38;5;249m}[0m[38;5;249m [0m[38;5;249mf[0m[38;5;249mr[0m[38;5;249mo[0m[38;5;249mm[0m[38;5;249m [0m"discord-api-types/v10"[38;5;249m;[0m
 [38;5;240m  │[0m                                                          ───────────┬───────────  
 [38;5;240m  │[0m                                                                     ╰───────────── Module not found, treating it as an external dependency
[38;5;246m───╯[0m

extensions\discord\src\send.channels.ts (2:23) [33m[UNRESOLVED_IMPORT] Warning:[0m Could not resolve 'discord-api-types/v10' in extensions/discord/src/send.channels.ts
   [38;5;246m╭[0m[38;5;246m─[0m[38;5;246m[[0m extensions/discord/src/send.channels.ts:2:24 [38;5;246m][0m
   [38;5;246m│[0m
 [38;5;246m2 │[0m [38;5;249mi[0m[38;5;249mm[0m[38;5;249mp[0m[38;5;249mo[0m[38;5;249mr[0m[38;5;249mt[0m[38;5;249m [0m[38;5;249m{[0m[38;5;249m [0m[38;5;249mR[0m[38;5;249mo[0m[38;5;249mu[0m[38;5;249mt[0m[38;5;249me[0m[38;5;249ms[0m[38;5;249m [0m[38;5;249m}[0m[38;5;249m [0m[38;5;249mf[0m[38;5;249mr[0m[38;5;249mo[0m[38;5;249mm[0m[38;5;249m [0m"discord-api-types/v10"[38;5;249m;[0m
 [38;5;240m  │[0m                        ───────────┬───────────  
 [38;5;240m  │[0m                                   ╰───────────── Module not found, treating it as an external dependency
[38;5;246m───╯[0m

extensions\discord\src\send.reactions.ts (1:23) [33m[UNRESOLVED_IMPORT] Warning:[0m Could not resolve 'discord-api-types/v10' in extensions/discord/src/send.reactions.ts
   [38;5;246m╭[0m[38;5;246m─[0m[38;5;246m[[0m extensions/discord/src/send.reactions.ts:1:24 [38;5;246m][0m
   [38;5;246m│[0m
 [38;5;246m1 │[0m [38;5;249mi[0m[38;5;249mm[0m[38;5;249mp[0m[38;5;249mo[0m[38;5;249mr[0m[38;5;249mt[0m[38;5;249m [0m[38;5;249m{[0m[38;5;249m [0m[38;5;249mR[0m[38;5;249mo[0m[38;5;249mu[0m[38;5;249mt[0m[38;5;249me[0m[38;5;249ms[0m[38;5;249m [0m[38;5;249m}[0m[38;5;249m [0m[38;5;249mf[0m[38;5;249mr[0m[38;5;249mo[0m[38;5;249mm[0m[38;5;249m [0m"discord-api-types/v10"[38;5;249m;[0m
 [38;5;240m  │[0m                        ───────────┬───────────  
 [38;5;240m  │[0m                                   ╰───────────── Module not found, treating it as an external dependency
[38;5;246m───╯[0m

extensions\discord\src\send.guild.ts (9:23) [33m[UNRESOLVED_IMPORT] Warning:[0m Could not resolve 'discord-api-types/v10' in extensions/discord/src/send.guild.ts
   [38;5;246m╭[0m[38;5;246m─[0m[38;5;246m[[0m extensions/discord/src/send.guild.ts:9:24 [38;5;246m][0m
   [38;5;246m│[0m
 [38;5;246m9 │[0m [38;5;249mi[0m[38;5;249mm[0m[38;5;249mp[0m[38;5;249mo[0m[38;5;249mr[0m[38;5;249mt[0m[38;5;249m [0m[38;5;249m{[0m[38;5;249m [0m[38;5;249mR[0m[38;5;249mo[0m[38;5;249mu[0m[38;5;249mt[0m[38;5;249me[0m[38;5;249ms[0m[38;5;249m [0m[38;5;249m}[0m[38;5;249m [0m[38;5;249mf[0m[38;5;249mr[0m[38;5;249mo[0m[38;5;249mm[0m[38;5;249m [0m"discord-api-types/v10"[38;5;249m;[0m
 [38;5;240m  │[0m                        ───────────┬───────────  
 [38;5;240m  │[0m                                   ╰───────────── Module not found, treating it as an external dependency
[38;5;246m───╯[0m

extensions\discord\src\send.emojis-stickers.ts (1:23) [33m[UNRESOLVED_IMPORT] Warning:[0m Could not resolve 'discord-api-types/v10' in extensions/discord/src/send.emojis-stickers.ts
   [38;5;246m╭[0m[38;5;246m─[0m[38;5;246m[[0m extensions/discord/src/send.emojis-stickers.ts:1:24 [38;5;246m][0m
   [38;5;246m│[0m
 [38;5;246m1 │[0m [38;5;249mi[0m[38;5;249mm[0m[38;5;249mp[0m[38;5;249mo[0m[38;5;249mr[0m[38;5;249mt[0m[38;5;249m [0m[38;5;249m{[0m[38;5;249m [0m[38;5;249mR[0m[38;5;249mo[0m[38;5;249mu[0m[38;5;249mt[0m[38;5;249me[0m[38;5;249ms[0m[38;5;249m [0m[38;5;249m}[0m[38;5;249m [0m[38;5;249mf[0m[38;5;249mr[0m[38;5;249mo[0m[38;5;249mm[0m[38;5;249m [0m"discord-api-types/v10"[38;5;249m;[0m
 [38;5;240m  │[0m                        ───────────┬───────────  
 [38;5;240m  │[0m                                   ╰───────────── Module not found, treating it as an external dependency
[38;5;246m───╯[0m

extensions\whatsapp\src\login-qr.ts (2:33) [33m[UNRESOLVED_IMPORT] Warning:[0m Could not resolve '@whiskeysockets/baileys' in extensions/whatsapp/src/login-qr.ts
   [38;5;246m╭[0m[38;5;246m─[0m[38;5;246m[[0m extensions/whatsapp/src/login-qr.ts:2:34 [38;5;246m][0m
   [38;5;246m│[0m
 [38;5;246m2 │[0m [38;5;249mi[0m[38;5;249mm[0m[38;5;249mp[0m[38;5;249mo[0m[38;5;249mr[0m[38;5;249mt[0m[38;5;249m [0m[38;5;249m{[0m[38;5;249m [0m[38;5;249mD[0m[38;5;249mi[0m[38;5;249ms[0m[38;5;249mc[0m[38;5;249mo[0m[38;5;249mn[0m[38;5;249mn[0m[38;5;249me[0m[38;5;249mc[0m[38;5;249mt[0m[38;5;249mR[0m[38;5;249me[0m[38;5;249ma[0m[38;5;249ms[0m[38;5;249mo[0m[38;5;249mn[0m[38;5;249m [0m[38;5;249m}[0m[38;5;249m [0m[38;5;249mf[0m[38;5;249mr[0m[38;5;249mo[0m[38;5;249mm[0m[38;5;249m [0m"@whiskeysockets/baileys"[38;5;249m;[0m
 [38;5;240m  │[0m                                  ────────────┬────────────  
 [38;5;240m  │[0m                                              ╰────────────── Module not found, treating it as an external dependency
[38;5;246m───╯[0m

extensions\discord\src\send.messages.ts (2:36) [33m[UNRESOLVED_IMPORT] Warning:[0m Could not resolve 'discord-api-types/v10' in extensions/discord/src/send.messages.ts
   [38;5;246m╭[0m[38;5;246m─[0m[38;5;246m[[0m extensions/discord/src/send.messages.ts:2:37 [38;5;246m][0m
   [38;5;246m│[0m
 [38;5;246m2 │[0m [38;5;249mi[0m[38;5;249mm[0m[38;5;249mp[0m[38;5;249mo[0m[38;5;249mr[0m[38;5;249mt[0m[38;5;249m [0m[38;5;249m{[0m[38;5;249m [0m[38;5;249mC[0m[38;5;249mh[0m[38;5;249ma[0m[38;5;249mn[0m[38;5;249mn[0m[38;5;249me[0m[38;5;249ml[0m[38;5;249mT[0m[38;5;249my[0m[38;5;249mp[0m[38;5;249me[0m[38;5;249m,[0m[38;5;249m [0m[38;5;249mR[0m[38;5;249mo[0m[38;5;249mu[0m[38;5;249mt[0m[38;5;249me[0m[38;5;249ms[0m[38;5;249m [0m[38;5;249m}[0m[38;5;249m [0m[38;5;249mf[0m[38;5;249mr[0m[38;5;249mo[0m[38;5;249mm[0m[38;5;249m [0m"discord-api-types/v10"[38;5;249m;[0m
 [38;5;240m  │[0m                                     ───────────┬───────────  
 [38;5;240m  │[0m                                                ╰───────────── Module not found, treating it as an external dependency
[38;5;246m───╯[0m

extensions\discord\src\send.typing.ts (1:23) [33m[UNRESOLVED_IMPORT] Warning:[0m Could not resolve 'discord-api-types/v10' in extensions/discord/src/send.typing.ts
   [38;5;246m╭[0m[38;5;246m─[0m[38;5;246m[[0m extensions/discord/src/send.typing.ts:1:24 [38;5;246m][0m
   [38;5;246m│[0m
 [38;5;246m1 │[0m [38;5;249mi[0m[38;5;249mm[0m[38;5;249mp[0m[38;5;249mo[0m[38;5;249mr[0m[38;5;249mt[0m[38;5;249m [0m[38;5;249m{[0m[38;5;249m [0m[38;5;249mR[0m[38;5;249mo[0m[38;5;249mu[0m[38;5;249mt[0m[38;5;249me[0m[38;5;249ms[0m[38;5;249m [0m[38;5;249m}[0m[38;5;249m [0m[38;5;249mf[0m[38;5;249mr[0m[38;5;249mo[0m[38;5;249mm[0m[38;5;249m [0m"discord-api-types/v10"[38;5;249m;[0m
 [38;5;240m  │[0m                        ───────────┬───────────  
 [38;5;240m  │[0m                                   ╰───────────── Module not found, treating it as an external dependency
[38;5;246m───╯[0m

extensions\whatsapp\src\session.ts (9:7) [33m[UNRESOLVED_IMPORT] Warning:[0m Could not resolve '@whiskeysockets/baileys' in extensions/whatsapp/src/session.ts
   [38;5;246m╭[0m[38;5;246m─[0m[38;5;246m[[0m extensions/whatsapp/src/session.ts:9:8 [38;5;246m][0m
   [38;5;246m│[0m
 [38;5;246m9 │[0m [38;5;249m}[0m[38;5;249m [0m[38;5;249mf[0m[38;5;249mr[0m[38;5;249mo[0m[38;5;249mm[0m[38;5;249m [0m"@whiskeysockets/baileys"[38;5;249m;[0m
 [38;5;240m  │[0m        ────────────┬────────────  
 [38;5;240m  │[0m                    ╰────────────── Module not found, treating it as an external dependency
[38;5;246m───╯[0m

extensions\discord\src\monitor\listeners.ts (10:7) [33m[UNRESOLVED_IMPORT] Warning:[0m Could not resolve '@buape/carbon' in extensions/discord/src/monitor/listeners.ts
    [38;5;246m╭[0m[38;5;246m─[0m[38;5;246m[[0m extensions/discord/src/monitor/listeners.ts:10:8 [38;5;246m][0m
    [38;5;246m│[0m
 [38;5;246m10 │[0m [38;5;249m}[0m[38;5;249m [0m[38;5;249mf[0m[38;5;249mr[0m[38;5;249mo[0m[38;5;249mm[0m[38;5;249m [0m"@buape/carbon"[38;5;249m;[0m
 [38;5;240m   │[0m        ───────┬───────  
 [38;5;240m   │[0m               ╰───────── Module not found, treating it as an external dependency
[38;5;246m────╯[0m

extensions\discord\src\send.components.ts (6:7) [33m[UNRESOLVED_IMPORT] Warning:[0m Could not resolve '@buape/carbon' in extensions/discord/src/send.components.ts
   [38;5;246m╭[0m[38;5;246m─[0m[38;5;246m[[0m extensions/discord/src/send.components.ts:6:8 [38;5;246m][0m
   [38;5;246m│[0m
 [38;5;246m6 │[0m [38;5;249m}[0m[38;5;249m [0m[38;5;249mf[0m[38;5;249mr[0m[38;5;249mo[0m[38;5;249mm[0m[38;5;249m [0m"@buape/carbon"[38;5;249m;[0m
 [38;5;240m  │[0m        ───────┬───────  
 [38;5;240m  │[0m               ╰───────── Module not found, treating it as an external dependency
[38;5;246m───╯[0m

extensions\discord\src\send.components.ts (7:36) [33m[UNRESOLVED_IMPORT] Warning:[0m Could not resolve 'discord-api-types/v10' in extensions/discord/src/send.components.ts
   [38;5;246m╭[0m[38;5;246m─[0m[38;5;246m[[0m extensions/discord/src/send.components.ts:7:37 [38;5;246m][0m
   [38;5;246m│[0m
 [38;5;246m7 │[0m [38;5;249mi[0m[38;5;249mm[0m[38;5;249mp[0m[38;5;249mo[0m[38;5;249mr[0m[38;5;249mt[0m[38;5;249m [0m[38;5;249m{[0m[38;5;249m [0m[38;5;249mC[0m[38;5;249mh[0m[38;5;249ma[0m[38;5;249mn[0m[38;5;249mn[0m[38;5;249me[0m[38;5;249ml[0m[38;5;249mT[0m[38;5;249my[0m[38;5;249mp[0m[38;5;249me[0m[38;5;249m,[0m[38;5;249m [0m[38;5;249mR[0m[38;5;249mo[0m[38;5;249mu[0m[38;5;249mt[0m[38;5;249me[0m[38;5;249ms[0m[38;5;249m [0m[38;5;249m}[0m[38;5;249m [0m[38;5;249mf[0m[38;5;249mr[0m[38;5;249mo[0m[38;5;249mm[0m[38;5;249m [0m"discord-api-types/v10"[38;5;249m;[0m
 [38;5;240m  │[0m                                     ───────────┬───────────  
 [38;5;240m  │[0m                                                ╰───────────── Module not found, treating it as an external dependency
[38;5;246m───╯[0m

extensions\discord\src\monitor\message-utils.ts (2:75) [33m[UNRESOLVED_IMPORT] Warning:[0m Could not resolve 'discord-api-types/v10' in extensions/discord/src/monitor/message-utils.ts
   [38;5;246m╭[0m[38;5;246m─[0m[38;5;246m[[0m extensions/discord/src/monitor/message-utils.ts:2:76 [38;5;246m][0m
   [38;5;246m│[0m
 [38;5;246m2 │[0m [38;5;249mi[0m[38;5;249mm[0m[38;5;249mp[0m[38;5;249mo[0m[38;5;249mr[0m[38;5;249mt[0m[38;5;249m [0m[38;5;249m{[0m[38;5;249m [0m[38;5;249mS[0m[38;5;249mt[0m[38;5;249mi[0m[38;5;249mc[0m[38;5;249mk[0m[38;5;249me[0m[38;5;249mr[0m[38;5;249mF[0m[38;5;249mo[0m[38;5;249mr[0m[38;5;249mm[0m[38;5;249ma[0m[38;5;249mt[0m[38;5;249mT[0m[38;5;249my[0m[38;5;249mp[0m[38;5;249me[0m[38;5;249m,[0m[38;5;249m [0m[38;5;249mt[0m[38;5;249my[0m[38;5;249mp[0m[38;5;249me[0m[38;5;249m [0m[38;5;249mA[0m[38;5;249mP[0m[38;5;249mI[0m[38;5;249mA[0m[38;5;249mt[0m[38;5;249mt[0m[38;5;249ma[0m[38;5;249mc[0m[38;5;249mh[0m[38;5;249mm[0m[38;5;249me[0m[38;5;249mn[0m[38;5;249mt[0m[38;5;249m,[0m[38;5;249m [0m[38;5;249mt[0m[38;5;249my[0m[38;5;249mp[0m[38;5;249me[0m[38;5;249m [0m[38;5;249mA[0m[38;5;249mP[0m[38;5;249mI[0m[38;5;249mS[0m[38;5;249mt[0m[38;5;249mi[0m[38;5;249mc[0m[38;5;249mk[0m[38;5;249me[0m[38;5;249mr[0m[38;5;249mI[0m[38;5;249mt[0m[38;5;249me[0m[38;5;249mm[0m[38;5;249m [0m[38;5;249m}[0m[38;5;249m [0m[38;5;249mf[0m[38;5;249mr[0m[38;5;249mo[0m[38;5;249mm[0m[38;5;249m [0m"discord-api-types/v10"[38;5;249m;[0m
 [38;5;240m  │[0m                                                                            ───────────┬───────────  
 [38;5;240m  │[0m                                                                                       ╰───────────── Module not found, treating it as an external dependency
[38;5;246m───╯[0m

extensions\whatsapp\src\login.ts (1:33) [33m[UNRESOLVED_IMPORT] Warning:[0m Could not resolve '@whiskeysockets/baileys' in extensions/whatsapp/src/login.ts
   [38;5;246m╭[0m[38;5;246m─[0m[38;5;246m[[0m extensions/whatsapp/src/login.ts:1:34 [38;5;246m][0m
   [38;5;246m│[0m
 [38;5;246m1 │[0m [38;5;249mi[0m[38;5;249mm[0m[38;5;249mp[0m[38;5;249mo[0m[38;5;249mr[0m[38;5;249mt[0m[38;5;249m [0m[38;5;249m{[0m[38;5;249m [0m[38;5;249mD[0m[38;5;249mi[0m[38;5;249ms[0m[38;5;249mc[0m[38;5;249mo[0m[38;5;249mn[0m[38;5;249mn[0m[38;5;249me[0m[38;5;249mc[0m[38;5;249mt[0m[38;5;249mR[0m[38;5;249me[0m[38;5;249ma[0m[38;5;249ms[0m[38;5;249mo[0m[38;5;249mn[0m[38;5;249m [0m[38;5;249m}[0m[38;5;249m [0m[38;5;249mf[0m[38;5;249mr[0m[38;5;249mo[0m[38;5;249mm[0m[38;5;249m [0m"@whiskeysockets/baileys"[38;5;249m;[0m
 [38;5;240m  │[0m                                  ────────────┬────────────  
 [38;5;240m  │[0m                                              ╰────────────── Module not found, treating it as an external dependency
[38;5;246m───╯[0m

extensions\diagnostics-otel\src\service.ts (3:32) [33m[UNRESOLVED_IMPORT] Warning:[0m Could not resolve '@opentelemetry/exporter-logs-otlp-proto' in extensions/diagnostics-otel/src/service.ts
   [38;5;246m╭[0m[38;5;246m─[0m[38;5;246m[[0m extensions/diagnostics-otel/src/service.ts:3:33 [38;5;246m][0m
   [38;5;246m│[0m
 [38;5;246m3 │[0m [38;5;249mi[0m[38;5;249mm[0m[38;5;249mp[0m[38;5;249mo[0m[38;5;249mr[0m[38;5;249mt[0m[38;5;249m [0m[38;5;249m{[0m[38;5;249m [0m[38;5;249mO[0m[38;5;249mT[0m[38;5;249mL[0m[38;5;249mP[0m[38;5;249mL[0m[38;5;249mo[0m[38;5;249mg[0m[38;5;249mE[0m[38;5;249mx[0m[38;5;249mp[0m[38;5;249mo[0m[38;5;249mr[0m[38;5;249mt[0m[38;5;249me[0m[38;5;249mr[0m[38;5;249m [0m[38;5;249m}[0m[38;5;249m [0m[38;5;249mf[0m[38;5;249mr[0m[38;5;249mo[0m[38;5;249mm[0m[38;5;249m [0m"@opentelemetry/exporter-logs-otlp-proto"[38;5;249m;[0m
 [38;5;240m  │[0m                                 ────────────────────┬────────────────────  
 [38;5;240m  │[0m                                                     ╰────────────────────── Module not found, treating it as an external dependency
[38;5;246m───╯[0m

extensions\diagnostics-otel\src\service.ts (4:35) [33m[UNRESOLVED_IMPORT] Warning:[0m Could not resolve '@opentelemetry/exporter-metrics-otlp-proto' in extensions/diagnostics-otel/src/service.ts
   [38;5;246m╭[0m[38;5;246m─[0m[38;5;246m[[0m extensions/diagnostics-otel/src/service.ts:4:36 [38;5;246m][0m
   [38;5;246m│[0m
 [38;5;246m4 │[0m [38;5;249mi[0m[38;5;249mm[0m[38;5;249mp[0m[38;5;249mo[0m[38;5;249mr[0m[38;5;249mt[0m[38;5;249m [0m[38;5;249m{[0m[38;5;249m [0m[38;5;249mO[0m[38;5;249mT[0m[38;5;249mL[0m[38;5;249mP[0m[38;5;249mM[0m[38;5;249me[0m[38;5;249mt[0m[38;5;249mr[0m[38;5;249mi[0m[38;5;249mc[0m[38;5;249mE[0m[38;5;249mx[0m[38;5;249mp[0m[38;5;249mo[0m[38;5;249mr[0m[38;5;249mt[0m[38;5;249me[0m[38;5;249mr[0m[38;5;249m [0m[38;5;249m}[0m[38;5;249m [0m[38;5;249mf[0m[38;5;249mr[0m[38;5;249mo[0m[38;5;249mm[0m[38;5;249m [0m"@opentelemetry/exporter-metrics-otlp-proto"[38;5;249m;[0m
 [38;5;240m  │[0m                                    ──────────────────────┬─────────────────────  
 [38;5;240m  │[0m                                                          ╰─────────────────────── Module not found, treating it as an external dependency
[38;5;246m───╯[0m

extensions\diagnostics-otel\src\service.ts (5:34) [33m[UNRESOLVED_IMPORT] Warning:[0m Could not resolve '@opentelemetry/exporter-trace-otlp-proto' in extensions/diagnostics-otel/src/service.ts
   [38;5;246m╭[0m[38;5;246m─[0m[38;5;246m[[0m extensions/diagnostics-otel/src/service.ts:5:35 [38;5;246m][0m
   [38;5;246m│[0m
 [38;5;246m5 │[0m [38;5;249mi[0m[38;5;249mm[0m[38;5;249mp[0m[38;5;249mo[0m[38;5;249mr[0m[38;5;249mt[0m[38;5;249m [0m[38;5;249m{[0m[38;5;249m [0m[38;5;249mO[0m[38;5;249mT[0m[38;5;249mL[0m[38;5;249mP[0m[38;5;249mT[0m[38;5;249mr[0m[38;5;249ma[0m[38;5;249mc[0m[38;5;249me[0m[38;5;249mE[0m[38;5;249mx[0m[38;5;249mp[0m[38;5;249mo[0m[38;5;249mr[0m[38;5;249mt[0m[38;5;249me[0m[38;5;249mr[0m[38;5;249m [0m[38;5;249m}[0m[38;5;249m [0m[38;5;249mf[0m[38;5;249mr[0m[38;5;249mo[0m[38;5;249mm[0m[38;5;249m [0m"@opentelemetry/exporter-trace-otlp-proto"[38;5;249m;[0m
 [38;5;240m  │[0m                                   ─────────────────────┬────────────────────  
 [38;5;240m  │[0m                                                        ╰────────────────────── Module not found, treating it as an external dependency
[38;5;246m───╯[0m

extensions\diagnostics-otel\src\service.ts (6:39) [33m[UNRESOLVED_IMPORT] Warning:[0m Could not resolve '@opentelemetry/resources' in extensions/diagnostics-otel/src/service.ts
   [38;5;246m╭[0m[38;5;246m─[0m[38;5;246m[[0m extensions/diagnostics-otel/src/service.ts:6:40 [38;5;246m][0m
   [38;5;246m│[0m
 [38;5;246m6 │[0m [38;5;249mi[0m[38;5;249mm[0m[38;5;249mp[0m[38;5;249mo[0m[38;5;249mr[0m[38;5;249mt[0m[38;5;249m [0m[38;5;249m{[0m[38;5;249m [0m[38;5;249mr[0m[38;5;249me[0m[38;5;249ms[0m[38;5;249mo[0m[38;5;249mu[0m[38;5;249mr[0m[38;5;249mc[0m[38;5;249me[0m[38;5;249mF[0m[38;5;249mr[0m[38;5;249mo[0m[38;5;249mm[0m[38;5;249mA[0m[38;5;249mt[0m[38;5;249mt[0m[38;5;249mr[0m[38;5;249mi[0m[38;5;249mb[0m[38;5;249mu[0m[38;5;249mt[0m[38;5;249me[0m[38;5;249ms[0m[38;5;249m [0m[38;5;249m}[0m[38;5;249m [0m[38;5;249mf[0m[38;5;249mr[0m[38;5;249mo[0m[38;5;249mm[0m[38;5;249m [0m"@opentelemetry/resources"[38;5;249m;[0m
 [38;5;240m  │[0m                                        ─────────────┬────────────  
 [38;5;240m  │[0m                                                     ╰────────────── Module not found, treating it as an external dependency
[38;5;246m───╯[0m

extensions\diagnostics-otel\src\service.ts (7:56) [33m[UNRESOLVED_IMPORT] Warning:[0m Could not resolve '@opentelemetry/sdk-logs' in extensions/diagnostics-otel/src/service.ts
   [38;5;246m╭[0m[38;5;246m─[0m[38;5;246m[[0m extensions/diagnostics-otel/src/service.ts:7:57 [38;5;246m][0m
   [38;5;246m│[0m
 [38;5;246m7 │[0m [38;5;249mi[0m[38;5;249mm[0m[38;5;249mp[0m[38;5;249mo[0m[38;5;249mr[0m[38;5;249mt[0m[38;5;249m [0m[38;5;249m{[0m[38;5;249m [0m[38;5;249mB[0m[38;5;249ma[0m[38;5;249mt[0m[38;5;249mc[0m[38;5;249mh[0m[38;5;249mL[0m[38;5;249mo[0m[38;5;249mg[0m[38;5;249mR[0m[38;5;249me[0m[38;5;249mc[0m[38;5;249mo[0m[38;5;249mr[0m[38;5;249md[0m[38;5;249mP[0m[38;5;249mr[0m[38;5;249mo[0m[38;5;249mc[0m[38;5;249me[0m[38;5;249ms[0m[38;5;249ms[0m[38;5;249mo[0m[38;5;249mr[0m[38;5;249m,[0m[38;5;249m [0m[38;5;249mL[0m[38;5;249mo[0m[38;5;249mg[0m[38;5;249mg[0m[38;5;249me[0m[38;5;249mr[0m[38;5;249mP[0m[38;5;249mr[0m[38;5;249mo[0m[38;5;249mv[0m[38;5;249mi[0m[38;5;249md[0m[38;5;249me[0m[38;5;249mr[0m[38;5;249m [0m[38;5;249m}[0m[38;5;249m [0m[38;5;249mf[0m[38;5;249mr[0m[38;5;249mo[0m[38;5;249mm[0m[38;5;249m [0m"@opentelemetry/sdk-logs"[38;5;249m;[0m
 [38;5;240m  │[0m                                                         ────────────┬────────────  
 [38;5;240m  │[0m                                                                     ╰────────────── Module not found, treating it as an external dependency
[38;5;246m───╯[0m

extensions\diagnostics-otel\src\service.ts (8:46) [33m[UNRESOLVED_IMPORT] Warning:[0m Could not resolve '@opentelemetry/sdk-metrics' in extensions/diagnostics-otel/src/service.ts
   [38;5;246m╭[0m[38;5;246m─[0m[38;5;246m[[0m extensions/diagnostics-otel/src/service.ts:8:47 [38;5;246m][0m
   [38;5;246m│[0m
 [38;5;246m8 │[0m [38;5;249mi[0m[38;5;249mm[0m[38;5;249mp[0m[38;5;249mo[0m[38;5;249mr[0m[38;5;249mt[0m[38;5;249m [0m[38;5;249m{[0m[38;5;249m [0m[38;5;249mP[0m[38;5;249me[0m[38;5;249mr[0m[38;5;249mi[0m[38;5;249mo[0m[38;5;249md[0m[38;5;249mi[0m[38;5;249mc[0m[38;5;249mE[0m[38;5;249mx[0m[38;5;249mp[0m[38;5;249mo[0m[38;5;249mr[0m[38;5;249mt[0m[38;5;249mi[0m[38;5;249mn[0m[38;5;249mg[0m[38;5;249mM[0m[38;5;249me[0m[38;5;249mt[0m[38;5;249mr[0m[38;5;249mi[0m[38;5;249mc[0m[38;5;249mR[0m[38;5;249me[0m[38;5;249ma[0m[38;5;249md[0m[38;5;249me[0m[38;5;249mr[0m[38;5;249m [0m[38;5;249m}[0m[38;5;249m [0m[38;5;249mf[0m[38;5;249mr[0m[38;5;249mo[0m[38;5;249mm[0m[38;5;249m [0m"@opentelemetry/sdk-metrics"[38;5;249m;[0m
 [38;5;240m  │[0m                                               ──────────────┬─────────────  
 [38;5;240m  │[0m                                                             ╰─────────────── Module not found, treating it as an external dependency
[38;5;246m───╯[0m

extensions\diagnostics-otel\src\service.ts (9:24) [33m[UNRESOLVED_IMPORT] Warning:[0m Could not resolve '@opentelemetry/sdk-node' in extensions/diagnostics-otel/src/service.ts
   [38;5;246m╭[0m[38;5;246m─[0m[38;5;246m[[0m extensions/diagnostics-otel/src/service.ts:9:25 [38;5;246m][0m
   [38;5;246m│[0m
 [38;5;246m9 │[0m [38;5;249mi[0m[38;5;249mm[0m[38;5;249mp[0m[38;5;249mo[0m[38;5;249mr[0m[38;5;249mt[0m[38;5;249m [0m[38;5;249m{[0m[38;5;249m [0m[38;5;249mN[0m[38;5;249mo[0m[38;5;249md[0m[38;5;249me[0m[38;5;249mS[0m[38;5;249mD[0m[38;5;249mK[0m[38;5;249m [0m[38;5;249m}[0m[38;5;249m [0m[38;5;249mf[0m[38;5;249mr[0m[38;5;249mo[0m[38;5;249mm[0m[38;5;249m [0m"@opentelemetry/sdk-node"[38;5;249m;[0m
 [38;5;240m  │[0m                         ────────────┬────────────  
 [38;5;240m  │[0m                                     ╰────────────── Module not found, treating it as an external dependency
[38;5;246m───╯[0m

extensions\diagnostics-otel\src\service.ts (10:61) [33m[UNRESOLVED_IMPORT] Warning:[0m Could not resolve '@opentelemetry/sdk-trace-base' in extensions/diagnostics-otel/src/service.ts
    [38;5;246m╭[0m[38;5;246m─[0m[38;5;246m[[0m extensions/diagnostics-otel/src/service.ts:10:62 [38;5;246m][0m
    [38;5;246m│[0m
 [38;5;246m10 │[0m [38;5;249mi[0m[38;5;249mm[0m[38;5;249mp[0m[38;5;249mo[0m[38;5;249mr[0m[38;5;249mt[0m[38;5;249m [0m[38;5;249m{[0m[38;5;249m [0m[38;5;249mP[0m[38;5;249ma[0m[38;5;249mr[0m[38;5;249me[0m[38;5;249mn[0m[38;5;249mt[0m[38;5;249mB[0m[38;5;249ma[0m[38;5;249ms[0m[38;5;249me[0m[38;5;249md[0m[38;5;249mS[0m[38;5;249ma[0m[38;5;249mm[0m[38;5;249mp[0m[38;5;249ml[0m[38;5;249me[0m[38;5;249mr[0m[38;5;249m,[0m[38;5;249m [0m[38;5;249mT[0m[38;5;249mr[0m[38;5;249ma[0m[38;5;249mc[0m[38;5;249me[0m[38;5;249mI[0m[38;5;249md[0m[38;5;249mR[0m[38;5;249ma[0m[38;5;249mt[0m[38;5;249mi[0m[38;5;249mo[0m[38;5;249mB[0m[38;5;249ma[0m[38;5;249ms[0m[38;5;249me[0m[38;5;249md[0m[38;5;249mS[0m[38;5;249ma[0m[38;5;249mm[0m[38;5;249mp[0m[38;5;249ml[0m[38;5;249me[0m[38;5;249mr[0m[38;5;249m [0m[38;5;249m}[0m[38;5;249m [0m[38;5;249mf[0m[38;5;249mr[0m[38;5;249mo[0m[38;5;249mm[0m[38;5;249m [0m"@opentelemetry/sdk-trace-base"[38;5;249m;[0m
 [38;5;240m   │[0m                                                              ───────────────┬───────────────  
 [38;5;240m   │[0m                                                                             ╰───────────────── Module not found, treating it as an external dependency
[38;5;246m────╯[0m

extensions\diagnostics-otel\src\service.ts (11:34) [33m[UNRESOLVED_IMPORT] Warning:[0m Could not resolve '@opentelemetry/semantic-conventions' in extensions/diagnostics-otel/src/service.ts
    [38;5;246m╭[0m[38;5;246m─[0m[38;5;246m[[0m extensions/diagnostics-otel/src/service.ts:11:35 [38;5;246m][0m
    [38;5;246m│[0m
 [38;5;246m11 │[0m [38;5;249mi[0m[38;5;249mm[0m[38;5;249mp[0m[38;5;249mo[0m[38;5;249mr[0m[38;5;249mt[0m[38;5;249m [0m[38;5;249m{[0m[38;5;249m [0m[38;5;249mA[0m[38;5;249mT[0m[38;5;249mT[0m[38;5;249mR[0m[38;5;249m_[0m[38;5;249mS[0m[38;5;249mE[0m[38;5;249mR[0m[38;5;249mV[0m[38;5;249mI[0m[38;5;249mC[0m[38;5;249mE[0m[38;5;249m_[0m[38;5;249mN[0m[38;5;249mA[0m[38;5;249mM[0m[38;5;249mE[0m[38;5;249m [0m[38;5;249m}[0m[38;5;249m [0m[38;5;249mf[0m[38;5;249mr[0m[38;5;249mo[0m[38;5;249mm[0m[38;5;249m [0m"@opentelemetry/semantic-conventions"[38;5;249m;[0m
 [38;5;240m   │[0m                                   ──────────────────┬──────────────────  
 [38;5;240m   │[0m                                                     ╰──────────────────── Module not found, treating it as an external dependency
[38;5;246m────╯[0m

extensions\discord\src\monitor\provider.ts (10:7) [33m[UNRESOLVED_IMPORT] Warning:[0m Could not resolve '@buape/carbon' in extensions/discord/src/monitor/provider.ts
    [38;5;246m╭[0m[38;5;246m─[0m[38;5;246m[[0m extensions/discord/src/monitor/provider.ts:10:8 [38;5;246m][0m
    [38;5;246m│[0m
 [38;5;246m10 │[0m [38;5;249m}[0m[38;5;249m [0m[38;5;249mf[0m[38;5;249mr[0m[38;5;249mo[0m[38;5;249mm[0m[38;5;249m [0m"@buape/carbon"[38;5;249m;[0m
 [38;5;240m   │[0m        ───────┬───────  
 [38;5;240m   │[0m               ╰───────── Module not found, treating it as an external dependency
[38;5;246m────╯[0m

extensions\discord\src\monitor\provider.ts (11:54) [33m[UNRESOLVED_IMPORT] Warning:[0m Could not resolve '@buape/carbon/gateway' in extensions/discord/src/monitor/provider.ts
    [38;5;246m╭[0m[38;5;246m─[0m[38;5;246m[[0m extensions/discord/src/monitor/provider.ts:11:55 [38;5;246m][0m
    [38;5;246m│[0m
 [38;5;246m11 │[0m [38;5;249mi[0m[38;5;249mm[0m[38;5;249mp[0m[38;5;249mo[0m[38;5;249mr[0m[38;5;249mt[0m[38;5;249m [0m[38;5;249m{[0m[38;5;249m [0m[38;5;249mG[0m[38;5;249ma[0m[38;5;249mt[0m[38;5;249me[0m[38;5;249mw[0m[38;5;249ma[0m[38;5;249my[0m[38;5;249mC[0m[38;5;249ml[0m[38;5;249mo[0m[38;5;249ms[0m[38;5;249me[0m[38;5;249mC[0m[38;5;249mo[0m[38;5;249md[0m[38;5;249me[0m[38;5;249ms[0m[38;5;249m,[0m[38;5;249m [0m[38;5;249mt[0m[38;5;249my[0m[38;5;249mp[0m[38;5;249me[0m[38;5;249m [0m[38;5;249mG[0m[38;5;249ma[0m[38;5;249mt[0m[38;5;249me[0m[38;5;249mw[0m[38;5;249ma[0m[38;5;249my[0m[38;5;249mP[0m[38;5;249ml[0m[38;5;249mu[0m[38;5;249mg[0m[38;5;249mi[0m[38;5;249mn[0m[38;5;249m [0m[38;5;249m}[0m[38;5;249m [0m[38;5;249mf[0m[38;5;249mr[0m[38;5;249mo[0m[38;5;249mm[0m[38;5;249m [0m"@buape/carbon/gateway"[38;5;249m;[0m
 [38;5;240m   │[0m                                                       ───────────┬───────────  
 [38;5;240m   │[0m                                                                  ╰───────────── Module not found, treating it as an external dependency
[38;5;246m────╯[0m

extensions\discord\src\monitor\provider.ts (12:28) [33m[UNRESOLVED_IMPORT] Warning:[0m Could not resolve '@buape/carbon/voice' in extensions/discord/src/monitor/provider.ts
    [38;5;246m╭[0m[38;5;246m─[0m[38;5;246m[[0m extensions/discord/src/monitor/provider.ts:12:29 [38;5;246m][0m
    [38;5;246m│[0m
 [38;5;246m12 │[0m [38;5;249mi[0m[38;5;249mm[0m[38;5;249mp[0m[38;5;249mo[0m[38;5;249mr[0m[38;5;249mt[0m[38;5;249m [0m[38;5;249m{[0m[38;5;249m [0m[38;5;249mV[0m[38;5;249mo[0m[38;5;249mi[0m[38;5;249mc[0m[38;5;249me[0m[38;5;249mP[0m[38;5;249ml[0m[38;5;249mu[0m[38;5;249mg[0m[38;5;249mi[0m[38;5;249mn[0m[38;5;249m [0m[38;5;249m}[0m[38;5;249m [0m[38;5;249mf[0m[38;5;249mr[0m[38;5;249mo[0m[38;5;249mm[0m[38;5;249m [0m"@buape/carbon/voice"[38;5;249m;[0m
 [38;5;240m   │[0m                             ──────────┬──────────  
 [38;5;240m   │[0m                                       ╰──────────── Module not found, treating it as an external dependency
[38;5;246m────╯[0m

extensions\discord\src\monitor\provider.ts (13:23) [33m[UNRESOLVED_IMPORT] Warning:[0m Could not resolve 'discord-api-types/v10' in extensions/discord/src/monitor/provider.ts
    [38;5;246m╭[0m[38;5;246m─[0m[38;5;246m[[0m extensions/discord/src/monitor/provider.ts:13:24 [38;5;246m][0m
    [38;5;246m│[0m
 [38;5;246m13 │[0m [38;5;249mi[0m[38;5;249mm[0m[38;5;249mp[0m[38;5;249mo[0m[38;5;249mr[0m[38;5;249mt[0m[38;5;249m [0m[38;5;249m{[0m[38;5;249m [0m[38;5;249mR[0m[38;5;249mo[0m[38;5;249mu[0m[38;5;249mt[0m[38;5;249me[0m[38;5;249ms[0m[38;5;249m [0m[38;5;249m}[0m[38;5;249m [0m[38;5;249mf[0m[38;5;249mr[0m[38;5;249mo[0m[38;5;249mm[0m[38;5;249m [0m"discord-api-types/v10"[38;5;249m;[0m
 [38;5;240m   │[0m                        ───────────┬───────────  
 [38;5;240m   │[0m                                   ╰───────────── Module not found, treating it as an external dependency
[38;5;246m────╯[0m

extensions\discord\src\monitor\native-command.ts (12:7) [33m[UNRESOLVED_IMPORT] Warning:[0m Could not resolve '@buape/carbon' in extensions/discord/src/monitor/native-command.ts
    [38;5;246m╭[0m[38;5;246m─[0m[38;5;246m[[0m extensions/discord/src/monitor/native-command.ts:12:8 [38;5;246m][0m
    [38;5;246m│[0m
 [38;5;246m12 │[0m [38;5;249m}[0m[38;5;249m [0m[38;5;249mf[0m[38;5;249mr[0m[38;5;249mo[0m[38;5;249mm[0m[38;5;249m [0m"@buape/carbon"[38;5;249m;[0m
 [38;5;240m   │[0m        ───────┬───────  
 [38;5;240m   │[0m               ╰───────── Module not found, treating it as an external dependency
[38;5;246m────╯[0m

extensions\discord\src\monitor\native-command.ts (13:45) [33m[UNRESOLVED_IMPORT] Warning:[0m Could not resolve 'discord-api-types/v10' in extensions/discord/src/monitor/native-command.ts
    [38;5;246m╭[0m[38;5;246m─[0m[38;5;246m[[0m extensions/discord/src/monitor/native-command.ts:13:46 [38;5;246m][0m
    [38;5;246m│[0m
 [38;5;246m13 │[0m [38;5;249mi[0m[38;5;249mm[0m[38;5;249mp[0m[38;5;249mo[0m[38;5;249mr[0m[38;5;249mt[0m[38;5;249m [0m[38;5;249m{[0m[38;5;249m [0m[38;5;249mA[0m[38;5;249mp[0m[38;5;249mp[0m[38;5;249ml[0m[38;5;249mi[0m[38;5;249mc[0m[38;5;249ma[0m[38;5;249mt[0m[38;5;249mi[0m[38;5;249mo[0m[38;5;249mn[0m[38;5;249mC[0m[38;5;249mo[0m[38;5;249mm[0m[38;5;249mm[0m[38;5;249ma[0m[38;5;249mn[0m[38;5;249md[0m[38;5;249mO[0m[38;5;249mp[0m[38;5;249mt[0m[38;5;249mi[0m[38;5;249mo[0m[38;5;249mn[0m[38;5;249mT[0m[38;5;249my[0m[38;5;249mp[0m[38;5;249me[0m[38;5;249m [0m[38;5;249m}[0m[38;5;249m [0m[38;5;249mf[0m[38;5;249mr[0m[38;5;249mo[0m[38;5;249mm[0m[38;5;249m [0m"discord-api-types/v10"[38;5;249m;[0m
 [38;5;240m   │[0m                                              ───────────┬───────────  
 [38;5;240m   │[0m                                                         ╰───────────── Module not found, treating it as an external dependency
[38;5;246m────╯[0m

extensions\telegram\src\send.ts (7:54) [33m[UNRESOLVED_IMPORT] Warning:[0m Could not resolve 'grammy' in extensions/telegram/src/send.ts
   [38;5;246m╭[0m[38;5;246m─[0m[38;5;246m[[0m extensions/telegram/src/send.ts:7:55 [38;5;246m][0m
   [38;5;246m│[0m
 [38;5;246m7 │[0m [38;5;249mi[0m[38;5;249mm[0m[38;5;249mp[0m[38;5;249mo[0m[38;5;249mr[0m[38;5;249mt[0m[38;5;249m [0m[38;5;249m{[0m[38;5;249m [0m[38;5;249mt[0m[38;5;249my[0m[38;5;249mp[0m[38;5;249me[0m[38;5;249m [0m[38;5;249mA[0m[38;5;249mp[0m[38;5;249mi[0m[38;5;249mC[0m[38;5;249ml[0m[38;5;249mi[0m[38;5;249me[0m[38;5;249mn[0m[38;5;249mt[0m[38;5;249mO[0m[38;5;249mp[0m[38;5;249mt[0m[38;5;249mi[0m[38;5;249mo[0m[38;5;249mn[0m[38;5;249ms[0m[38;5;249m,[0m[38;5;249m [0m[38;5;249mB[0m[38;5;249mo[0m[38;5;249mt[0m[38;5;249m,[0m[38;5;249m [0m[38;5;249mH[0m[38;5;249mt[0m[38;5;249mt[0m[38;5;249mp[0m[38;5;249mE[0m[38;5;249mr[0m[38;5;249mr[0m[38;5;249mo[0m[38;5;249mr[0m[38;5;249m [0m[38;5;249m}[0m[38;5;249m [0m[38;5;249mf[0m[38;5;249mr[0m[38;5;249mo[0m[38;5;249mm[0m[38;5;249m [0m"grammy"[38;5;249m;[0m
 [38;5;240m  │[0m                                                       ────┬───  
 [38;5;240m  │[0m                                                           ╰───── Module not found, treating it as an external dependency
[38;5;246m───╯[0m

extensions\telegram\src\send.ts (8:24) [33m[UNRESOLVED_IMPORT] Warning:[0m Could not resolve 'grammy' in extensions/telegram/src/send.ts
   [38;5;246m╭[0m[38;5;246m─[0m[38;5;246m[[0m extensions/telegram/src/send.ts:8:25 [38;5;246m][0m
   [38;5;246m│[0m
 [38;5;246m8 │[0m [38;5;249mi[0m[38;5;249mm[0m[38;5;249mp[0m[38;5;249mo[0m[38;5;249mr[0m[38;5;249mt[0m[38;5;249m [0m[38;5;249m*[0m[38;5;249m [0m[38;5;249ma[0m[38;5;249ms[0m[38;5;249m [0m[38;5;249mg[0m[38;5;249mr[0m[38;5;249ma[0m[38;5;249mm[0m[38;5;249mm[0m[38;5;249my[0m[38;5;249m [0m[38;5;249mf[0m[38;5;249mr[0m[38;5;249mo[0m[38;5;249mm[0m[38;5;249m [0m"grammy"[38;5;249m;[0m
 [38;5;240m  │[0m                         ────┬───  
 [38;5;240m  │[0m                             ╰───── Module not found, treating it as an external dependency
[38;5;246m───╯[0m

extensions\discord\src\monitor\thread-bindings.discord-api.ts (1:36) [33m[UNRESOLVED_IMPORT] Warning:[0m Could not resolve 'discord-api-types/v10' in extensions/discord/src/monitor/thread-bindings.discord-api.ts
   [38;5;246m╭[0m[38;5;246m─[0m[38;5;246m[[0m extensions/discord/src/monitor/thread-bindings.discord-api.ts:1:37 [38;5;246m][0m
   [38;5;246m│[0m
 [38;5;246m1 │[0m [38;5;249mi[0m[38;5;249mm[0m[38;5;249mp[0m[38;5;249mo[0m[38;5;249mr[0m[38;5;249mt[0m[38;5;249m [0m[38;5;249m{[0m[38;5;249m [0m[38;5;249mC[0m[38;5;249mh[0m[38;5;249ma[0m[38;5;249mn[0m[38;5;249mn[0m[38;5;249me[0m[38;5;249ml[0m[38;5;249mT[0m[38;5;249my[0m[38;5;249mp[0m[38;5;249me[0m[38;5;249m,[0m[38;5;249m [0m[38;5;249mR[0m[38;5;249mo[0m[38;5;249mu[0m[38;5;249mt[0m[38;5;249me[0m[38;5;249ms[0m[38;5;249m [0m[38;5;249m}[0m[38;5;249m [0m[38;5;249mf[0m[38;5;249mr[0m[38;5;249mo[0m[38;5;249mm[0m[38;5;249m [0m"discord-api-types/v10"[38;5;249m;[0m
 [38;5;240m  │[0m                                     ───────────┬───────────  
 [38;5;240m  │[0m                                                ╰───────────── Module not found, treating it as an external dependency
[38;5;246m───╯[0m

extensions\discord\src\client.ts (1:30) [33m[UNRESOLVED_IMPORT] Warning:[0m Could not resolve '@buape/carbon' in extensions/discord/src/client.ts
   [38;5;246m╭[0m[38;5;246m─[0m[38;5;246m[[0m extensions/discord/src/client.ts:1:31 [38;5;246m][0m
   [38;5;246m│[0m
 [38;5;246m1 │[0m [38;5;249mi[0m[38;5;249mm[0m[38;5;249mp[0m[38;5;249mo[0m[38;5;249mr[0m[38;5;249mt[0m[38;5;249m [0m[38;5;249m{[0m[38;5;249m [0m[38;5;249mR[0m[38;5;249me[0m[38;5;249mq[0m[38;5;249mu[0m[38;5;249me[0m[38;5;249ms[0m[38;5;249mt[0m[38;5;249mC[0m[38;5;249ml[0m[38;5;249mi[0m[38;5;249me[0m[38;5;249mn[0m[38;5;249mt[0m[38;5;249m [0m[38;5;249m}[0m[38;5;249m [0m[38;5;249mf[0m[38;5;249mr[0m[38;5;249mo[0m[38;5;249mm[0m[38;5;249m [0m"@buape/carbon"[38;5;249m;[0m
 [38;5;240m  │[0m                               ───────┬───────  
 [38;5;240m  │[0m                                      ╰───────── Module not found, treating it as an external dependency
[38;5;246m───╯[0m

extensions\discord\src\channel.ts (1:39) [33m[UNRESOLVED_IMPORT] Warning:[0m Could not resolve '@buape/carbon' in extensions/discord/src/channel.ts
   [38;5;246m╭[0m[38;5;246m─[0m[38;5;246m[[0m extensions/discord/src/channel.ts:1:40 [38;5;246m][0m
   [38;5;246m│[0m
 [38;5;246m1 │[0m [38;5;249mi[0m[38;5;249mm[0m[38;5;249mp[0m[38;5;249mo[0m[38;5;249mr[0m[38;5;249mt[0m[38;5;249m [0m[38;5;249m{[0m[38;5;249m [0m[38;5;249mS[0m[38;5;249me[0m[38;5;249mp[0m[38;5;249ma[0m[38;5;249mr[0m[38;5;249ma[0m[38;5;249mt[0m[38;5;249mo[0m[38;5;249mr[0m[38;5;249m,[0m[38;5;249m [0m[38;5;249mT[0m[38;5;249me[0m[38;5;249mx[0m[38;5;249mt[0m[38;5;249mD[0m[38;5;249mi[0m[38;5;249ms[0m[38;5;249mp[0m[38;5;249ml[0m[38;5;249ma[0m[38;5;249my[0m[38;5;249m [0m[38;5;249m}[0m[38;5;249m [0m[38;5;249mf[0m[38;5;249mr[0m[38;5;249mo[0m[38;5;249mm[0m[38;5;249m [0m"@buape/carbon"[38;5;249m;[0m
 [38;5;240m  │[0m                                        ───────┬───────  
 [38;5;240m  │[0m                                               ╰───────── Module not found, treating it as an external dependency
[38;5;246m───╯[0m

extensions\matrix\src\matrix\client\logging.ts (1:48) [33m[UNRESOLVED_IMPORT] Warning:[0m Could not resolve 'matrix-js-sdk/lib/logger.js' in extensions/matrix/src/matrix/client/logging.ts
   [38;5;246m╭[0m[38;5;246m─[0m[38;5;246m[[0m extensions/matrix/src/matrix/client/logging.ts:1:49 [38;5;246m][0m
   [38;5;246m│[0m
 [38;5;246m1 │[0m [38;5;249mi[0m[38;5;249mm[0m[38;5;249mp[0m[38;5;249mo[0m[38;5;249mr[0m[38;5;249mt[0m[38;5;249m [0m[38;5;249m{[0m[38;5;249m [0m[38;5;249ml[0m[38;5;249mo[0m[38;5;249mg[0m[38;5;249mg[0m[38;5;249me[0m[38;5;249mr[0m[38;5;249m [0m[38;5;249ma[0m[38;5;249ms[0m[38;5;249m [0m[38;5;249mm[0m[38;5;249ma[0m[38;5;249mt[0m[38;5;249mr[0m[38;5;249mi[0m[38;5;249mx[0m[38;5;249mJ[0m[38;5;249ms[0m[38;5;249mS[0m[38;5;249md[0m[38;5;249mk[0m[38;5;249mR[0m[38;5;249mo[0m[38;5;249mo[0m[38;5;249mt[0m[38;5;249mL[0m[38;5;249mo[0m[38;5;249mg[0m[38;5;249mg[0m[38;5;249me[0m[38;5;249mr[0m[38;5;249m [0m[38;5;249m}[0m[38;5;249m [0m[38;5;249mf[0m[38;5;249mr[0m[38;5;249mo[0m[38;5;249mm[0m[38;5;249m [0m"matrix-js-sdk/lib/logger.js"[38;5;249m;[0m
 [38;5;240m  │[0m                                                 ──────────────┬──────────────  
 [38;5;240m  │[0m                                                               ╰──────────────── Module not found, treating it as an external dependency
[38;5;246m───╯[0m

extensions\discord\src\voice-message.ts (16:51) [33m[UNRESOLVED_IMPORT] Warning:[0m Could not resolve '@buape/carbon' in extensions/discord/src/voice-message.ts
    [38;5;246m╭[0m[38;5;246m─[0m[38;5;246m[[0m extensions/discord/src/voice-message.ts:16:52 [38;5;246m][0m
    [38;5;246m│[0m
 [38;5;246m16 │[0m [38;5;249mi[0m[38;5;249mm[0m[38;5;249mp[0m[38;5;249mo[0m[38;5;249mr[0m[38;5;249mt[0m[38;5;249m [0m[38;5;249m{[0m[38;5;249m [0m[38;5;249mR[0m[38;5;249ma[0m[38;5;249mt[0m[38;5;249me[0m[38;5;249mL[0m[38;5;249mi[0m[38;5;249mm[0m[38;5;249mi[0m[38;5;249mt[0m[38;5;249mE[0m[38;5;249mr[0m[38;5;249mr[0m[38;5;249mo[0m[38;5;249mr[0m[38;5;249m,[0m[38;5;249m [0m[38;5;249mt[0m[38;5;249my[0m[38;5;249mp[0m[38;5;249me[0m[38;5;249m [0m[38;5;249mR[0m[38;5;249me[0m[38;5;249mq[0m[38;5;249mu[0m[38;5;249me[0m[38;5;249ms[0m[38;5;249mt[0m[38;5;249mC[0m[38;5;249ml[0m[38;5;249mi[0m[38;5;249me[0m[38;5;249mn[0m[38;5;249mt[0m[38;5;249m [0m[38;5;249m}[0m[38;5;249m [0m[38;5;249mf[0m[38;5;249mr[0m[38;5;249mo[0m[38;5;249mm[0m[38;5;249m [0m"@buape/carbon"[38;5;249m;[0m
 [38;5;240m   │[0m                                                    ───────┬───────  
 [38;5;240m   │[0m                                                           ╰───────── Module not found, treating it as an external dependency
[38;5;246m────╯[0m

extensions\whatsapp\src\inbound\extract.ts (6:7) [33m[UNRESOLVED_IMPORT] Warning:[0m Could not resolve '@whiskeysockets/baileys' in extensions/whatsapp/src/inbound/extract.ts
   [38;5;246m╭[0m[38;5;246m─[0m[38;5;246m[[0m extensions/whatsapp/src/inbound/extract.ts:6:8 [38;5;246m][0m
   [38;5;246m│[0m
 [38;5;246m6 │[0m [38;5;249m}[0m[38;5;249m [0m[38;5;249mf[0m[38;5;249mr[0m[38;5;249mo[0m[38;5;249mm[0m[38;5;249m [0m"@whiskeysockets/baileys"[38;5;249m;[0m
 [38;5;240m  │[0m        ────────────┬────────────  
 [38;5;240m  │[0m                    ╰────────────── Module not found, treating it as an external dependency
[38;5;246m───╯[0m

extensions\slack\src\monitor\provider.ts (2:47) [33m[UNRESOLVED_IMPORT] Warning:[0m Could not resolve '@slack/bolt' in extensions/slack/src/monitor/provider.ts
   [38;5;246m╭[0m[38;5;246m─[0m[38;5;246m[[0m extensions/slack/src/monitor/provider.ts:2:48 [38;5;246m][0m
   [38;5;246m│[0m
 [38;5;246m2 │[0m [38;5;249mi[0m[38;5;249mm[0m[38;5;249mp[0m[38;5;249mo[0m[38;5;249mr[0m[38;5;249mt[0m[38;5;249m [0m[38;5;249mS[0m[38;5;249ml[0m[38;5;249ma[0m[38;5;249mc[0m[38;5;249mk[0m[38;5;249mB[0m[38;5;249mo[0m[38;5;249ml[0m[38;5;249mt[0m[38;5;249m,[0m[38;5;249m [0m[38;5;249m*[0m[38;5;249m [0m[38;5;249ma[0m[38;5;249ms[0m[38;5;249m [0m[38;5;249mS[0m[38;5;249ml[0m[38;5;249ma[0m[38;5;249mc[0m[38;5;249mk[0m[38;5;249mB[0m[38;5;249mo[0m[38;5;249ml[0m[38;5;249mt[0m[38;5;249mN[0m[38;5;249ma[0m[38;5;249mm[0m[38;5;249me[0m[38;5;249ms[0m[38;5;249mp[0m[38;5;249ma[0m[38;5;249mc[0m[38;5;249me[0m[38;5;249m [0m[38;5;249mf[0m[38;5;249mr[0m[38;5;249mo[0m[38;5;249mm[0m[38;5;249m [0m"@slack/bolt"[38;5;249m;[0m
 [38;5;240m  │[0m                                                ──────┬──────  
 [38;5;240m  │[0m                                                      ╰──────── Module not found, treating it as an external dependency
[38;5;246m───╯[0m

extensions\whatsapp\src\inbound\monitor.ts (2:45) [33m[UNRESOLVED_IMPORT] Warning:[0m Could not resolve '@whiskeysockets/baileys' in extensions/whatsapp/src/inbound/monitor.ts
   [38;5;246m╭[0m[38;5;246m─[0m[38;5;246m[[0m extensions/whatsapp/src/inbound/monitor.ts:2:46 [38;5;246m][0m
   [38;5;246m│[0m
 [38;5;246m2 │[0m [38;5;249mi[0m[38;5;249mm[0m[38;5;249mp[0m[38;5;249mo[0m[38;5;249mr[0m[38;5;249mt[0m[38;5;249m [0m[38;5;249m{[0m[38;5;249m [0m[38;5;249mD[0m[38;5;249mi[0m[38;5;249ms[0m[38;5;249mc[0m[38;5;249mo[0m[38;5;249mn[0m[38;5;249mn[0m[38;5;249me[0m[38;5;249mc[0m[38;5;249mt[0m[38;5;249mR[0m[38;5;249me[0m[38;5;249ma[0m[38;5;249ms[0m[38;5;249mo[0m[38;5;249mn[0m[38;5;249m,[0m[38;5;249m [0m[38;5;249mi[0m[38;5;249ms[0m[38;5;249mJ[0m[38;5;249mi[0m[38;5;249md[0m[38;5;249mG[0m[38;5;249mr[0m[38;5;249mo[0m[38;5;249mu[0m[38;5;249mp[0m[38;5;249m [0m[38;5;249m}[0m[38;5;249m [0m[38;5;249mf[0m[38;5;249mr[0m[38;5;249mo[0m[38;5;249mm[0m[38;5;249m [0m"@whiskeysockets/baileys"[38;5;249m;[0m
 [38;5;240m  │[0m                                              ────────────┬────────────  
 [38;5;240m  │[0m                                                          ╰────────────── Module not found, treating it as an external dependency
[38;5;246m───╯[0m

extensions\discord\src\monitor\message-handler.preflight.ts (1:66) [33m[UNRESOLVED_IMPORT] Warning:[0m Could not resolve '@buape/carbon' in extensions/discord/src/monitor/message-handler.preflight.ts
   [38;5;246m╭[0m[38;5;246m─[0m[38;5;246m[[0m extensions/discord/src/monitor/message-handler.preflight.ts:1:67 [38;5;246m][0m
   [38;5;246m│[0m
 [38;5;246m1 │[0m [38;5;249mi[0m[38;5;249mm[0m[38;5;249mp[0m[38;5;249mo[0m[38;5;249mr[0m[38;5;249mt[0m[38;5;249m [0m[38;5;249m{[0m[38;5;249m [0m[38;5;249mC[0m[38;5;249mh[0m[38;5;249ma[0m[38;5;249mn[0m[38;5;249mn[0m[38;5;249me[0m[38;5;249ml[0m[38;5;249mT[0m[38;5;249my[0m[38;5;249mp[0m[38;5;249me[0m[38;5;249m,[0m[38;5;249m [0m[38;5;249mM[0m[38;5;249me[0m[38;5;249ms[0m[38;5;249ms[0m[38;5;249ma[0m[38;5;249mg[0m[38;5;249me[0m[38;5;249mT[0m[38;5;249my[0m[38;5;249mp[0m[38;5;249me[0m[38;5;249m,[0m[38;5;249m [0m[38;5;249mt[0m[38;5;249my[0m[38;5;249mp[0m[38;5;249me[0m[38;5;249m [0m[38;5;249mM[0m[38;5;249me[0m[38;5;249ms[0m[38;5;249ms[0m[38;5;249ma[0m[38;5;249mg[0m[38;5;249me[0m[38;5;249m,[0m[38;5;249m [0m[38;5;249mt[0m[38;5;249my[0m[38;5;249mp[0m[38;5;249me[0m[38;5;249m [0m[38;5;249mU[0m[38;5;249ms[0m[38;5;249me[0m[38;5;249mr[0m[38;5;249m [0m[38;5;249m}[0m[38;5;249m [0m[38;5;249mf[0m[38;5;249mr[0m[38;5;249mo[0m[38;5;249mm[0m[38;5;249m [0m"@buape/carbon"[38;5;249m;[0m
 [38;5;240m  │[0m                                                                   ───────┬───────  
 [38;5;240m  │[0m                                                                          ╰───────── Module not found, treating it as an external dependency
[38;5;246m───╯[0m

extensions\discord\src\monitor\message-handler.preflight.ts (2:40) [33m[UNRESOLVED_IMPORT] Warning:[0m Could not resolve 'discord-api-types/v10' in extensions/discord/src/monitor/message-handler.preflight.ts
   [38;5;246m╭[0m[38;5;246m─[0m[38;5;246m[[0m extensions/discord/src/monitor/message-handler.preflight.ts:2:41 [38;5;246m][0m
   [38;5;246m│[0m
 [38;5;246m2 │[0m [38;5;249mi[0m[38;5;249mm[0m[38;5;249mp[0m[38;5;249mo[0m[38;5;249mr[0m[38;5;249mt[0m[38;5;249m [0m[38;5;249m{[0m[38;5;249m [0m[38;5;249mR[0m[38;5;249mo[0m[38;5;249mu[0m[38;5;249mt[0m[38;5;249me[0m[38;5;249ms[0m[38;5;249m,[0m[38;5;249m [0m[38;5;249mt[0m[38;5;249my[0m[38;5;249mp[0m[38;5;249me[0m[38;5;249m [0m[38;5;249mA[0m[38;5;249mP[0m[38;5;249mI[0m[38;5;249mM[0m[38;5;249me[0m[38;5;249ms[0m[38;5;249ms[0m[38;5;249ma[0m[38;5;249mg[0m[38;5;249me[0m[38;5;249m [0m[38;5;249m}[0m[38;5;249m [0m[38;5;249mf[0m[38;5;249mr[0m[38;5;249mo[0m[38;5;249mm[0m[38;5;249m [0m"discord-api-types/v10"[38;5;249m;[0m
 [38;5;240m  │[0m                                         ───────────┬───────────  
 [38;5;240m  │[0m                                                    ╰───────────── Module not found, treating it as an external dependency
[38;5;246m───╯[0m

extensions\discord\src\send.shared.ts (8:7) [33m[UNRESOLVED_IMPORT] Warning:[0m Could not resolve '@buape/carbon' in extensions/discord/src/send.shared.ts
   [38;5;246m╭[0m[38;5;246m─[0m[38;5;246m[[0m extensions/discord/src/send.shared.ts:8:8 [38;5;246m][0m
   [38;5;246m│[0m
 [38;5;246m8 │[0m [38;5;249m}[0m[38;5;249m [0m[38;5;249mf[0m[38;5;249mr[0m[38;5;249mo[0m[38;5;249mm[0m[38;5;249m [0m"@buape/carbon"[38;5;249m;[0m
 [38;5;240m  │[0m        ───────┬───────  
 [38;5;240m  │[0m               ╰───────── Module not found, treating it as an external dependency
[38;5;246m───╯[0m

extensions\discord\src\send.shared.ts (9:31) [33m[UNRESOLVED_IMPORT] Warning:[0m Could not resolve 'discord-api-types/payloads/v10' in extensions/discord/src/send.shared.ts
   [38;5;246m╭[0m[38;5;246m─[0m[38;5;246m[[0m extensions/discord/src/send.shared.ts:9:32 [38;5;246m][0m
   [38;5;246m│[0m
 [38;5;246m9 │[0m [38;5;249mi[0m[38;5;249mm[0m[38;5;249mp[0m[38;5;249mo[0m[38;5;249mr[0m[38;5;249mt[0m[38;5;249m [0m[38;5;249m{[0m[38;5;249m [0m[38;5;249mP[0m[38;5;249mo[0m[38;5;249ml[0m[38;5;249ml[0m[38;5;249mL[0m[38;5;249ma[0m[38;5;249my[0m[38;5;249mo[0m[38;5;249mu[0m[38;5;249mt[0m[38;5;249mT[0m[38;5;249my[0m[38;5;249mp[0m[38;5;249me[0m[38;5;249m [0m[38;5;249m}[0m[38;5;249m [0m[38;5;249mf[0m[38;5;249mr[0m[38;5;249mo[0m[38;5;249mm[0m[38;5;249m [0m"discord-api-types/payloads/v10"[38;5;249m;[0m
 [38;5;240m  │[0m                                ────────────────┬───────────────  
 [38;5;240m  │[0m                                                ╰───────────────── Module not found, treating it as an external dependency
[38;5;246m───╯[0m

extensions\discord\src\send.shared.ts (11:55) [33m[UNRESOLVED_IMPORT] Warning:[0m Could not resolve 'discord-api-types/v10' in extensions/discord/src/send.shared.ts
    [38;5;246m╭[0m[38;5;246m─[0m[38;5;246m[[0m extensions/discord/src/send.shared.ts:11:56 [38;5;246m][0m
    [38;5;246m│[0m
 [38;5;246m11 │[0m [38;5;249mi[0m[38;5;249mm[0m[38;5;249mp[0m[38;5;249mo[0m[38;5;249mr[0m[38;5;249mt[0m[38;5;249m [0m[38;5;249m{[0m[38;5;249m [0m[38;5;249mR[0m[38;5;249mo[0m[38;5;249mu[0m[38;5;249mt[0m[38;5;249me[0m[38;5;249ms[0m[38;5;249m,[0m[38;5;249m [0m[38;5;249mt[0m[38;5;249my[0m[38;5;249mp[0m[38;5;249me[0m[38;5;249m [0m[38;5;249mA[0m[38;5;249mP[0m[38;5;249mI[0m[38;5;249mC[0m[38;5;249mh[0m[38;5;249ma[0m[38;5;249mn[0m[38;5;249mn[0m[38;5;249me[0m[38;5;249ml[0m[38;5;249m,[0m[38;5;249m [0m[38;5;249mt[0m[38;5;249my[0m[38;5;249mp[0m[38;5;249me[0m[38;5;249m [0m[38;5;249mA[0m[38;5;249mP[0m[38;5;249mI[0m[38;5;249mE[0m[38;5;249mm[0m[38;5;249mb[0m[38;5;249me[0m[38;5;249md[0m[38;5;249m [0m[38;5;249m}[0m[38;5;249m [0m[38;5;249mf[0m[38;5;249mr[0m[38;5;249mo[0m[38;5;249mm[0m[38;5;249m [0m"discord-api-types/v10"[38;5;249m;[0m
 [38;5;240m   │[0m                                                        ───────────┬───────────  
 [38;5;240m   │[0m                                                                   ╰───────────── Module not found, treating it as an external dependency
[38;5;246m────╯[0m

extensions\diffs\src\render.ts (9:56) [33m[UNRESOLVED_IMPORT] Warning:[0m Could not resolve '@pierre/diffs' in extensions/diffs/src/render.ts
   [38;5;246m╭[0m[38;5;246m─[0m[38;5;246m[[0m extensions/diffs/src/render.ts:9:57 [38;5;246m][0m
   [38;5;246m│[0m
 [38;5;246m9 │[0m [38;5;249mi[0m[38;5;249mm[0m[38;5;249mp[0m[38;5;249mo[0m[38;5;249mr[0m[38;5;249mt[0m[38;5;249m [0m[38;5;249m{[0m[38;5;249m [0m[38;5;249mR[0m[38;5;249me[0m[38;5;249mg[0m[38;5;249mi[0m[38;5;249ms[0m[38;5;249mt[0m[38;5;249me[0m[38;5;249mr[0m[38;5;249me[0m[38;5;249md[0m[38;5;249mC[0m[38;5;249mu[0m[38;5;249ms[0m[38;5;249mt[0m[38;5;249mo[0m[38;5;249mm[0m[38;5;249mT[0m[38;5;249mh[0m[38;5;249me[0m[38;5;249mm[0m[38;5;249me[0m[38;5;249ms[0m[38;5;249m,[0m[38;5;249m [0m[38;5;249mp[0m[38;5;249ma[0m[38;5;249mr[0m[38;5;249ms[0m[38;5;249me[0m[38;5;249mP[0m[38;5;249ma[0m[38;5;249mt[0m[38;5;249mc[0m[38;5;249mh[0m[38;5;249mF[0m[38;5;249mi[0m[38;5;249ml[0m[38;5;249me[0m[38;5;249ms[0m[38;5;249m [0m[38;5;249m}[0m[38;5;249m [0m[38;5;249mf[0m[38;5;249mr[0m[38;5;249mo[0m[38;5;249mm[0m[38;5;249m [0m"@pierre/diffs"[38;5;249m;[0m
 [38;5;240m  │[0m                                                         ───────┬───────  
 [38;5;240m  │[0m                                                                ╰───────── Module not found, treating it as an external dependency
[38;5;246m───╯[0m

extensions\diffs\src\render.ts (10:54) [33m[UNRESOLVED_IMPORT] Warning:[0m Could not resolve '@pierre/diffs/ssr' in extensions/diffs/src/render.ts
    [38;5;246m╭[0m[38;5;246m─[0m[38;5;246m[[0m extensions/diffs/src/render.ts:10:55 [38;5;246m][0m
    [38;5;246m│[0m
 [38;5;246m10 │[0m [38;5;249mi[0m[38;5;249mm[0m[38;5;249mp[0m[38;5;249mo[0m[38;5;249mr[0m[38;5;249mt[0m[38;5;249m [0m[38;5;249m{[0m[38;5;249m [0m[38;5;249mp[0m[38;5;249mr[0m[38;5;249me[0m[38;5;249ml[0m[38;5;249mo[0m[38;5;249ma[0m[38;5;249md[0m[38;5;249mF[0m[38;5;249mi[0m[38;5;249ml[0m[38;5;249me[0m[38;5;249mD[0m[38;5;249mi[0m[38;5;249mf[0m[38;5;249mf[0m[38;5;249m,[0m[38;5;249m [0m[38;5;249mp[0m[38;5;249mr[0m[38;5;249me[0m[38;5;249ml[0m[38;5;249mo[0m[38;5;249ma[0m[38;5;249md[0m[38;5;249mM[0m[38;5;249mu[0m[38;5;249ml[0m[38;5;249mt[0m[38;5;249mi[0m[38;5;249mF[0m[38;5;249mi[0m[38;5;249ml[0m[38;5;249me[0m[38;5;249mD[0m[38;5;249mi[0m[38;5;249mf[0m[38;5;249mf[0m[38;5;249m [0m[38;5;249m}[0m[38;5;249m [0m[38;5;249mf[0m[38;5;249mr[0m[38;5;249mo[0m[38;5;249mm[0m[38;5;249m [0m"@pierre/diffs/ssr"[38;5;249m;[0m
 [38;5;240m   │[0m                                                       ─────────┬─────────  
 [38;5;240m   │[0m                                                                ╰─────────── Module not found, treating it as an external dependency
[38;5;246m────╯[0m

extensions\telegram\src\webhook.ts (3:24) [33m[UNRESOLVED_IMPORT] Warning:[0m Could not resolve 'grammy' in extensions/telegram/src/webhook.ts
   [38;5;246m╭[0m[38;5;246m─[0m[38;5;246m[[0m extensions/telegram/src/webhook.ts:3:25 [38;5;246m][0m
   [38;5;246m│[0m
 [38;5;246m3 │[0m [38;5;249mi[0m[38;5;249mm[0m[38;5;249mp[0m[38;5;249mo[0m[38;5;249mr[0m[38;5;249mt[0m[38;5;249m [0m[38;5;249m*[0m[38;5;249m [0m[38;5;249ma[0m[38;5;249ms[0m[38;5;249m [0m[38;5;249mg[0m[38;5;249mr[0m[38;5;249ma[0m[38;5;249mm[0m[38;5;249mm[0m[38;5;249my[0m[38;5;249m [0m[38;5;249mf[0m[38;5;249mr[0m[38;5;249mo[0m[38;5;249mm[0m[38;5;249m [0m"grammy"[38;5;249m;[0m
 [38;5;240m  │[0m                         ────┬───  
 [38;5;240m  │[0m                             ╰───── Module not found, treating it as an external dependency
[38;5;246m───╯[0m

extensions\discord\src\monitor\native-command-ui.ts (13:7) [33m[UNRESOLVED_IMPORT] Warning:[0m Could not resolve '@buape/carbon' in extensions/discord/src/monitor/native-command-ui.ts
    [38;5;246m╭[0m[38;5;246m─[0m[38;5;246m[[0m extensions/discord/src/monitor/native-command-ui.ts:13:8 [38;5;246m][0m
    [38;5;246m│[0m
 [38;5;246m13 │[0m [38;5;249m}[0m[38;5;249m [0m[38;5;249mf[0m[38;5;249mr[0m[38;5;249mo[0m[38;5;249mm[0m[38;5;249m [0m"@buape/carbon"[38;5;249m;[0m
 [38;5;240m   │[0m        ───────┬───────  
 [38;5;240m   │[0m               ╰───────── Module not found, treating it as an external dependency
[38;5;246m────╯[0m

extensions\discord\src\monitor\native-command-ui.ts (14:28) [33m[UNRESOLVED_IMPORT] Warning:[0m Could not resolve 'discord-api-types/v10' in extensions/discord/src/monitor/native-command-ui.ts
    [38;5;246m╭[0m[38;5;246m─[0m[38;5;246m[[0m extensions/discord/src/monitor/native-command-ui.ts:14:29 [38;5;246m][0m
    [38;5;246m│[0m
 [38;5;246m14 │[0m [38;5;249mi[0m[38;5;249mm[0m[38;5;249mp[0m[38;5;249mo[0m[38;5;249mr[0m[38;5;249mt[0m[38;5;249m [0m[38;5;249m{[0m[38;5;249m [0m[38;5;249mB[0m[38;5;249mu[0m[38;5;249mt[0m[38;5;249mt[0m[38;5;249mo[0m[38;5;249mn[0m[38;5;249mS[0m[38;5;249mt[0m[38;5;249my[0m[38;5;249ml[0m[38;5;249me[0m[38;5;249m [0m[38;5;249m}[0m[38;5;249m [0m[38;5;249mf[0m[38;5;249mr[0m[38;5;249mo[0m[38;5;249mm[0m[38;5;249m [0m"discord-api-types/v10"[38;5;249m;[0m
 [38;5;240m   │[0m                             ───────────┬───────────  
 [38;5;240m   │[0m                                        ╰───────────── Module not found, treating it as an external dependency
[38;5;246m────╯[0m

extensions\discord\src\monitor\exec-approvals.ts (11:7) [33m[UNRESOLVED_IMPORT] Warning:[0m Could not resolve '@buape/carbon' in extensions/discord/src/monitor/exec-approvals.ts
    [38;5;246m╭[0m[38;5;246m─[0m[38;5;246m[[0m extensions/discord/src/monitor/exec-approvals.ts:11:8 [38;5;246m][0m
    [38;5;246m│[0m
 [38;5;246m11 │[0m [38;5;249m}[0m[38;5;249m [0m[38;5;249mf[0m[38;5;249mr[0m[38;5;249mo[0m[38;5;249mm[0m[38;5;249m [0m"@buape/carbon"[38;5;249m;[0m
 [38;5;240m   │[0m        ───────┬───────  
 [38;5;240m   │[0m               ╰───────── Module not found, treating it as an external dependency
[38;5;246m────╯[0m

extensions\discord\src\monitor\exec-approvals.ts (12:36) [33m[UNRESOLVED_IMPORT] Warning:[0m Could not resolve 'discord-api-types/v10' in extensions/discord/src/monitor/exec-approvals.ts
    [38;5;246m╭[0m[38;5;246m─[0m[38;5;246m[[0m extensions/discord/src/monitor/exec-approvals.ts:12:37 [38;5;246m][0m
    [38;5;246m│[0m
 [38;5;246m12 │[0m [38;5;249mi[0m[38;5;249mm[0m[38;5;249mp[0m[38;5;249mo[0m[38;5;249mr[0m[38;5;249mt[0m[38;5;249m [0m[38;5;249m{[0m[38;5;249m [0m[38;5;249mB[0m[38;5;249mu[0m[38;5;249mt[0m[38;5;249mt[0m[38;5;249mo[0m[38;5;249mn[0m[38;5;249mS[0m[38;5;249mt[0m[38;5;249my[0m[38;5;249ml[0m[38;5;249me[0m[38;5;249m,[0m[38;5;249m [0m[38;5;249mR[0m[38;5;249mo[0m[38;5;249mu[0m[38;5;249mt[0m[38;5;249me[0m[38;5;249ms[0m[38;5;249m [0m[38;5;249m}[0m[38;5;249m [0m[38;5;249mf[0m[38;5;249mr[0m[38;5;249mo[0m[38;5;249mm[0m[38;5;249m [0m"discord-api-types/v10"[38;5;249m;[0m
 [38;5;240m   │[0m                                     ───────────┬───────────  
 [38;5;240m   │[0m                                                ╰───────────── Module not found, treating it as an external dependency
[38;5;246m────╯[0m

extensions\matrix\src\matrix\sdk.ts (2:7) [33m[UNRESOLVED_IMPORT] Warning:[0m Could not resolve 'fake-indexeddb/auto' in extensions/matrix/src/matrix/sdk.ts
   [38;5;246m╭[0m[38;5;246m─[0m[38;5;246m[[0m extensions/matrix/src/matrix/sdk.ts:2:8 [38;5;246m][0m
   [38;5;246m│[0m
 [38;5;246m2 │[0m [38;5;249mi[0m[38;5;249mm[0m[38;5;249mp[0m[38;5;249mo[0m[38;5;249mr[0m[38;5;249mt[0m[38;5;249m [0m"fake-indexeddb/auto"[38;5;249m;[0m
 [38;5;240m  │[0m        ──────────┬──────────  
 [38;5;240m  │[0m                  ╰──────────── Module not found, treating it as an external dependency
[38;5;246m───╯[0m

extensions\matrix\src\matrix\sdk.ts (11:7) [33m[UNRESOLVED_IMPORT] Warning:[0m Could not resolve 'matrix-js-sdk' in extensions/matrix/src/matrix/sdk.ts
    [38;5;246m╭[0m[38;5;246m─[0m[38;5;246m[[0m extensions/matrix/src/matrix/sdk.ts:11:8 [38;5;246m][0m
    [38;5;246m│[0m
 [38;5;246m11 │[0m [38;5;249m}[0m[38;5;249m [0m[38;5;249mf[0m[38;5;249mr[0m[38;5;249mo[0m[38;5;249mm[0m[38;5;249m [0m"matrix-js-sdk"[38;5;249m;[0m
 [38;5;240m   │[0m        ───────┬───────  
 [38;5;240m   │[0m               ╰───────── Module not found, treating it as an external dependency
[38;5;246m────╯[0m

extensions\matrix\src\matrix\sdk.ts (12:35) [33m[UNRESOLVED_IMPORT] Warning:[0m Could not resolve 'matrix-js-sdk/lib/types.js' in extensions/matrix/src/matrix/sdk.ts
    [38;5;246m╭[0m[38;5;246m─[0m[38;5;246m[[0m extensions/matrix/src/matrix/sdk.ts:12:36 [38;5;246m][0m
    [38;5;246m│[0m
 [38;5;246m12 │[0m [38;5;249mi[0m[38;5;249mm[0m[38;5;249mp[0m[38;5;249mo[0m[38;5;249mr[0m[38;5;249mt[0m[38;5;249m [0m[38;5;249m{[0m[38;5;249m [0m[38;5;249mV[0m[38;5;249me[0m[38;5;249mr[0m[38;5;249mi[0m[38;5;249mf[0m[38;5;249mi[0m[38;5;249mc[0m[38;5;249ma[0m[38;5;249mt[0m[38;5;249mi[0m[38;5;249mo[0m[38;5;249mn[0m[38;5;249mM[0m[38;5;249me[0m[38;5;249mt[0m[38;5;249mh[0m[38;5;249mo[0m[38;5;249md[0m[38;5;249m [0m[38;5;249m}[0m[38;5;249m [0m[38;5;249mf[0m[38;5;249mr[0m[38;5;249mo[0m[38;5;249mm[0m[38;5;249m [0m"matrix-js-sdk/lib/types.js"[38;5;249m;[0m
 [38;5;240m   │[0m                                    ──────────────┬─────────────  
 [38;5;240m   │[0m                                                  ╰─────────────── Module not found, treating it as an external dependency
[38;5;246m────╯[0m

extensions\discord\src\voice\command.ts (7:7) [33m[UNRESOLVED_IMPORT] Warning:[0m Could not resolve '@buape/carbon' in extensions/discord/src/voice/command.ts
   [38;5;246m╭[0m[38;5;246m─[0m[38;5;246m[[0m extensions/discord/src/voice/command.ts:7:8 [38;5;246m][0m
   [38;5;246m│[0m
 [38;5;246m7 │[0m [38;5;249m}[0m[38;5;249m [0m[38;5;249mf[0m[38;5;249mr[0m[38;5;249mo[0m[38;5;249mm[0m[38;5;249m [0m"@buape/carbon"[38;5;249m;[0m
 [38;5;240m  │[0m        ───────┬───────  
 [38;5;240m  │[0m               ╰───────── Module not found, treating it as an external dependency
[38;5;246m───╯[0m

extensions\discord\src\voice\command.ts (12:7) [33m[UNRESOLVED_IMPORT] Warning:[0m Could not resolve 'discord-api-types/v10' in extensions/discord/src/voice/command.ts
    [38;5;246m╭[0m[38;5;246m─[0m[38;5;246m[[0m extensions/discord/src/voice/command.ts:12:8 [38;5;246m][0m
    [38;5;246m│[0m
 [38;5;246m12 │[0m [38;5;249m}[0m[38;5;249m [0m[38;5;249mf[0m[38;5;249mr[0m[38;5;249mo[0m[38;5;249mm[0m[38;5;249m [0m"discord-api-types/v10"[38;5;249m;[0m
 [38;5;240m   │[0m        ───────────┬───────────  
 [38;5;240m   │[0m                   ╰───────────── Module not found, treating it as an external dependency
[38;5;246m────╯[0m

extensions\discord\src\voice\manager.ts (6:56) [33m[UNRESOLVED_IMPORT] Warning:[0m Could not resolve '@buape/carbon' in extensions/discord/src/voice/manager.ts
   [38;5;246m╭[0m[38;5;246m─[0m[38;5;246m[[0m extensions/discord/src/voice/manager.ts:6:57 [38;5;246m][0m
   [38;5;246m│[0m
 [38;5;246m6 │[0m [38;5;249mi[0m[38;5;249mm[0m[38;5;249mp[0m[38;5;249mo[0m[38;5;249mr[0m[38;5;249mt[0m[38;5;249m [0m[38;5;249m{[0m[38;5;249m [0m[38;5;249mC[0m[38;5;249mh[0m[38;5;249ma[0m[38;5;249mn[0m[38;5;249mn[0m[38;5;249me[0m[38;5;249ml[0m[38;5;249mT[0m[38;5;249my[0m[38;5;249mp[0m[38;5;249me[0m[38;5;249m,[0m[38;5;249m [0m[38;5;249mt[0m[38;5;249my[0m[38;5;249mp[0m[38;5;249me[0m[38;5;249m [0m[38;5;249mC[0m[38;5;249ml[0m[38;5;249mi[0m[38;5;249me[0m[38;5;249mn[0m[38;5;249mt[0m[38;5;249m,[0m[38;5;249m [0m[38;5;249mR[0m[38;5;249me[0m[38;5;249ma[0m[38;5;249md[0m[38;5;249my[0m[38;5;249mL[0m[38;5;249mi[0m[38;5;249ms[0m[38;5;249mt[0m[38;5;249me[0m[38;5;249mn[0m[38;5;249me[0m[38;5;249mr[0m[38;5;249m [0m[38;5;249m}[0m[38;5;249m [0m[38;5;249mf[0m[38;5;249mr[0m[38;5;249mo[0m[38;5;249mm[0m[38;5;249m [0m"@buape/carbon"[38;5;249m;[0m
 [38;5;240m  │[0m                                                         ───────┬───────  
 [38;5;240m  │[0m                                                                ╰───────── Module not found, treating it as an external dependency
[38;5;246m───╯[0m

extensions\telegram\src\allowed-updates.ts (1:24) [33m[UNRESOLVED_IMPORT] Warning:[0m Could not resolve 'grammy' in extensions/telegram/src/allowed-updates.ts
   [38;5;246m╭[0m[38;5;246m─[0m[38;5;246m[[0m extensions/telegram/src/allowed-updates.ts:1:25 [38;5;246m][0m
   [38;5;246m│[0m
 [38;5;246m1 │[0m [38;5;249mi[0m[38;5;249mm[0m[38;5;249mp[0m[38;5;249mo[0m[38;5;249mr[0m[38;5;249mt[0m[38;5;249m [0m[38;5;249m*[0m[38;5;249m [0m[38;5;249ma[0m[38;5;249ms[0m[38;5;249m [0m[38;5;249mg[0m[38;5;249mr[0m[38;5;249ma[0m[38;5;249mm[0m[38;5;249mm[0m[38;5;249my[0m[38;5;249m [0m[38;5;249mf[0m[38;5;249mr[0m[38;5;249mo[0m[38;5;249mm[0m[38;5;249m [0m"grammy"[38;5;249m;[0m
 [38;5;240m  │[0m                         ────┬───  
 [38;5;240m  │[0m                             ╰───── Module not found, treating it as an external dependency
[38;5;246m───╯[0m

extensions\msteams\src\sdk.ts (47:11) [33m[UNRESOLVED_IMPORT] Warning:[0m Could not resolve '@microsoft/teams.apps' in extensions/msteams/src/sdk.ts
    [38;5;246m╭[0m[38;5;246m─[0m[38;5;246m[[0m extensions/msteams/src/sdk.ts:47:12 [38;5;246m][0m
    [38;5;246m│[0m
 [38;5;246m47 │[0m [38;5;249m [0m[38;5;249m [0m[38;5;249m [0m[38;5;249m [0m[38;5;249mi[0m[38;5;249mm[0m[38;5;249mp[0m[38;5;249mo[0m[38;5;249mr[0m[38;5;249mt[0m[38;5;249m([0m"@microsoft/teams.apps"[38;5;249m)[0m[38;5;249m,[0m
 [38;5;240m   │[0m            ───────────┬───────────  
 [38;5;240m   │[0m                       ╰───────────── Module not found, treating it as an external dependency
[38;5;246m────╯[0m

extensions\msteams\src\sdk.ts (48:11) [33m[UNRESOLVED_IMPORT] Warning:[0m Could not resolve '@microsoft/teams.api' in extensions/msteams/src/sdk.ts
    [38;5;246m╭[0m[38;5;246m─[0m[38;5;246m[[0m extensions/msteams/src/sdk.ts:48:12 [38;5;246m][0m
    [38;5;246m│[0m
 [38;5;246m48 │[0m [38;5;249m [0m[38;5;249m [0m[38;5;249m [0m[38;5;249m [0m[38;5;249mi[0m[38;5;249mm[0m[38;5;249mp[0m[38;5;249mo[0m[38;5;249mr[0m[38;5;249mt[0m[38;5;249m([0m"@microsoft/teams.api"[38;5;249m)[0m[38;5;249m,[0m
 [38;5;240m   │[0m            ───────────┬──────────  
 [38;5;240m   │[0m                       ╰──────────── Module not found, treating it as an external dependency
[38;5;246m────╯[0m

extensions\msteams\src\sdk.ts (414:17) [33m[UNRESOLVED_IMPORT] Warning:[0m Could not resolve '@microsoft/teams.apps/dist/middleware/auth/jwt-validator.js' in extensions/msteams/src/sdk.ts
     [38;5;246m╭[0m[38;5;246m─[0m[38;5;246m[[0m extensions/msteams/src/sdk.ts:414:18 [38;5;246m][0m
     [38;5;246m│[0m
 [38;5;246m414 │[0m [38;5;249m [0m[38;5;249m [0m[38;5;249m [0m[38;5;249m [0m[38;5;249ma[0m[38;5;249mw[0m[38;5;249ma[0m[38;5;249mi[0m[38;5;249mt[0m[38;5;249m [0m[38;5;249mi[0m[38;5;249mm[0m[38;5;249mp[0m[38;5;249mo[0m[38;5;249mr[0m[38;5;249mt[0m[38;5;249m([0m"@microsoft/teams.apps/dist/middleware/auth/jwt-validator.js"[38;5;249m)[0m[38;5;249m;[0m
 [38;5;240m    │[0m                  ──────────────────────────────┬──────────────────────────────  
 [38;5;240m    │[0m                                                ╰──────────────────────────────── Module not found, treating it as an external dependency
[38;5;246m─────╯[0m

extensions\telegram\src\polling-session.ts (1:37) [33m[UNRESOLVED_IMPORT] Warning:[0m Could not resolve '@grammyjs/runner' in extensions/telegram/src/polling-session.ts
   [38;5;246m╭[0m[38;5;246m─[0m[38;5;246m[[0m extensions/telegram/src/polling-session.ts:1:38 [38;5;246m][0m
   [38;5;246m│[0m
 [38;5;246m1 │[0m [38;5;249mi[0m[38;5;249mm[0m[38;5;249mp[0m[38;5;249mo[0m[38;5;249mr[0m[38;5;249mt[0m[38;5;249m [0m[38;5;249m{[0m[38;5;249m [0m[38;5;249mt[0m[38;5;249my[0m[38;5;249mp[0m[38;5;249me[0m[38;5;249m [0m[38;5;249mR[0m[38;5;249mu[0m[38;5;249mn[0m[38;5;249mO[0m[38;5;249mp[0m[38;5;249mt[0m[38;5;249mi[0m[38;5;249mo[0m[38;5;249mn[0m[38;5;249ms[0m[38;5;249m,[0m[38;5;249m [0m[38;5;249mr[0m[38;5;249mu[0m[38;5;249mn[0m[38;5;249m [0m[38;5;249m}[0m[38;5;249m [0m[38;5;249mf[0m[38;5;249mr[0m[38;5;249mo[0m[38;5;249mm[0m[38;5;249m [0m"@grammyjs/runner"[38;5;249m;[0m
 [38;5;240m  │[0m                                      ─────────┬────────  
 [38;5;240m  │[0m                                               ╰────────── Module not found, treating it as an external dependency
[38;5;246m───╯[0m

extensions\discord\src\retry.ts (1:31) [33m[UNRESOLVED_IMPORT] Warning:[0m Could not resolve '@buape/carbon' in extensions/discord/src/retry.ts
   [38;5;246m╭[0m[38;5;246m─[0m[38;5;246m[[0m extensions/discord/src/retry.ts:1:32 [38;5;246m][0m
   [38;5;246m│[0m
 [38;5;246m1 │[0m [38;5;249mi[0m[38;5;249mm[0m[38;5;249mp[0m[38;5;249mo[0m[38;5;249mr[0m[38;5;249mt[0m[38;5;249m [0m[38;5;249m{[0m[38;5;249m [0m[38;5;249mR[0m[38;5;249ma[0m[38;5;249mt[0m[38;5;249me[0m[38;5;249mL[0m[38;5;249mi[0m[38;5;249mm[0m[38;5;249mi[0m[38;5;249mt[0m[38;5;249mE[0m[38;5;249mr[0m[38;5;249mr[0m[38;5;249mo[0m[38;5;249mr[0m[38;5;249m [0m[38;5;249m}[0m[38;5;249m [0m[38;5;249mf[0m[38;5;249mr[0m[38;5;249mo[0m[38;5;249mm[0m[38;5;249m [0m"@buape/carbon"[38;5;249m;[0m
 [38;5;240m  │[0m                                ───────┬───────  
 [38;5;240m  │[0m                                       ╰───────── Module not found, treating it as an external dependency
[38;5;246m───╯[0m

extensions\discord\src\monitor\agent-components.ts (18:7) [33m[UNRESOLVED_IMPORT] Warning:[0m Could not resolve '@buape/carbon' in extensions/discord/src/monitor/agent-components.ts
    [38;5;246m╭[0m[38;5;246m─[0m[38;5;246m[[0m extensions/discord/src/monitor/agent-components.ts:18:8 [38;5;246m][0m
    [38;5;246m│[0m
 [38;5;246m18 │[0m [38;5;249m}[0m[38;5;249m [0m[38;5;249mf[0m[38;5;249mr[0m[38;5;249mo[0m[38;5;249mm[0m[38;5;249m [0m"@buape/carbon"[38;5;249m;[0m
 [38;5;240m   │[0m        ───────┬───────  
 [38;5;240m   │[0m               ╰───────── Module not found, treating it as an external dependency
[38;5;246m────╯[0m

extensions\discord\src\monitor\agent-components.ts (20:41) [33m[UNRESOLVED_IMPORT] Warning:[0m Could not resolve 'discord-api-types/v10' in extensions/discord/src/monitor/agent-components.ts
    [38;5;246m╭[0m[38;5;246m─[0m[38;5;246m[[0m extensions/discord/src/monitor/agent-components.ts:20:42 [38;5;246m][0m
    [38;5;246m│[0m
 [38;5;246m20 │[0m [38;5;249mi[0m[38;5;249mm[0m[38;5;249mp[0m[38;5;249mo[0m[38;5;249mr[0m[38;5;249mt[0m[38;5;249m [0m[38;5;249m{[0m[38;5;249m [0m[38;5;249mB[0m[38;5;249mu[0m[38;5;249mt[0m[38;5;249mt[0m[38;5;249mo[0m[38;5;249mn[0m[38;5;249mS[0m[38;5;249mt[0m[38;5;249my[0m[38;5;249ml[0m[38;5;249me[0m[38;5;249m,[0m[38;5;249m [0m[38;5;249mC[0m[38;5;249mh[0m[38;5;249ma[0m[38;5;249mn[0m[38;5;249mn[0m[38;5;249me[0m[38;5;249ml[0m[38;5;249mT[0m[38;5;249my[0m[38;5;249mp[0m[38;5;249me[0m[38;5;249m [0m[38;5;249m}[0m[38;5;249m [0m[38;5;249mf[0m[38;5;249mr[0m[38;5;249mo[0m[38;5;249mm[0m[38;5;249m [0m"discord-api-types/v10"[38;5;249m;[0m
 [38;5;240m   │[0m                                          ───────────┬───────────  
 [38;5;240m   │[0m                                                     ╰───────────── Module not found, treating it as an external dependency
[38;5;246m────╯[0m

extensions\discord\src\ui.ts (1:26) [33m[UNRESOLVED_IMPORT] Warning:[0m Could not resolve '@buape/carbon' in extensions/discord/src/ui.ts
   [38;5;246m╭[0m[38;5;246m─[0m[38;5;246m[[0m extensions/discord/src/ui.ts:1:27 [38;5;246m][0m
   [38;5;246m│[0m
 [38;5;246m1 │[0m [38;5;249mi[0m[38;5;249mm[0m[38;5;249mp[0m[38;5;249mo[0m[38;5;249mr[0m[38;5;249mt[0m[38;5;249m [0m[38;5;249m{[0m[38;5;249m [0m[38;5;249mC[0m[38;5;249mo[0m[38;5;249mn[0m[38;5;249mt[0m[38;5;249ma[0m[38;5;249mi[0m[38;5;249mn[0m[38;5;249me[0m[38;5;249mr[0m[38;5;249m [0m[38;5;249m}[0m[38;5;249m [0m[38;5;249mf[0m[38;5;249mr[0m[38;5;249mo[0m[38;5;249mm[0m[38;5;249m [0m"@buape/carbon"[38;5;249m;[0m
 [38;5;240m  │[0m                           ───────┬───────  
 [38;5;240m  │[0m                                  ╰───────── Module not found, treating it as an external dependency
[38;5;246m───╯[0m

extensions\whatsapp\src\inbound\media.ts (2:62) [33m[UNRESOLVED_IMPORT] Warning:[0m Could not resolve '@whiskeysockets/baileys' in extensions/whatsapp/src/inbound/media.ts
   [38;5;246m╭[0m[38;5;246m─[0m[38;5;246m[[0m extensions/whatsapp/src/inbound/media.ts:2:63 [38;5;246m][0m
   [38;5;246m│[0m
 [38;5;246m2 │[0m [38;5;249mi[0m[38;5;249mm[0m[38;5;249mp[0m[38;5;249mo[0m[38;5;249mr[0m[38;5;249mt[0m[38;5;249m [0m[38;5;249m{[0m[38;5;249m [0m[38;5;249md[0m[38;5;249mo[0m[38;5;249mw[0m[38;5;249mn[0m[38;5;249ml[0m[38;5;249mo[0m[38;5;249ma[0m[38;5;249md[0m[38;5;249mM[0m[38;5;249me[0m[38;5;249md[0m[38;5;249mi[0m[38;5;249ma[0m[38;5;249mM[0m[38;5;249me[0m[38;5;249ms[0m[38;5;249ms[0m[38;5;249ma[0m[38;5;249mg[0m[38;5;249me[0m[38;5;249m,[0m[38;5;249m [0m[38;5;249mn[0m[38;5;249mo[0m[38;5;249mr[0m[38;5;249mm[0m[38;5;249ma[0m[38;5;249ml[0m[38;5;249mi[0m[38;5;249mz[0m[38;5;249me[0m[38;5;249mM[0m[38;5;249me[0m[38;5;249ms[0m[38;5;249ms[0m[38;5;249ma[0m[38;5;249mg[0m[38;5;249me[0m[38;5;249mC[0m[38;5;249mo[0m[38;5;249mn[0m[38;5;249mt[0m[38;5;249me[0m[38;5;249mn[0m[38;5;249mt[0m[38;5;249m [0m[38;5;249m}[0m[38;5;249m [0m[38;5;249mf[0m[38;5;249mr[0m[38;5;249mo[0m[38;5;249mm[0m[38;5;249m [0m"@whiskeysockets/baileys"[38;5;249m;[0m
 [38;5;240m  │[0m                                                               ────────────┬────────────  
 [38;5;240m  │[0m                                                                           ╰────────────── Module not found, treating it as an external dependency
[38;5;246m───╯[0m

extensions\discord\src\monitor\message-handler.process.ts (1:48) [33m[UNRESOLVED_IMPORT] Warning:[0m Could not resolve '@buape/carbon' in extensions/discord/src/monitor/message-handler.process.ts
   [38;5;246m╭[0m[38;5;246m─[0m[38;5;246m[[0m extensions/discord/src/monitor/message-handler.process.ts:1:49 [38;5;246m][0m
   [38;5;246m│[0m
 [38;5;246m1 │[0m [38;5;249mi[0m[38;5;249mm[0m[38;5;249mp[0m[38;5;249mo[0m[38;5;249mr[0m[38;5;249mt[0m[38;5;249m [0m[38;5;249m{[0m[38;5;249m [0m[38;5;249mC[0m[38;5;249mh[0m[38;5;249ma[0m[38;5;249mn[0m[38;5;249mn[0m[38;5;249me[0m[38;5;249ml[0m[38;5;249mT[0m[38;5;249my[0m[38;5;249mp[0m[38;5;249me[0m[38;5;249m,[0m[38;5;249m [0m[38;5;249mt[0m[38;5;249my[0m[38;5;249mp[0m[38;5;249me[0m[38;5;249m [0m[38;5;249mR[0m[38;5;249me[0m[38;5;249mq[0m[38;5;249mu[0m[38;5;249me[0m[38;5;249ms[0m[38;5;249mt[0m[38;5;249mC[0m[38;5;249ml[0m[38;5;249mi[0m[38;5;249me[0m[38;5;249mn[0m[38;5;249mt[0m[38;5;249m [0m[38;5;249m}[0m[38;5;249m [0m[38;5;249mf[0m[38;5;249mr[0m[38;5;249mo[0m[38;5;249mm[0m[38;5;249m [0m"@buape/carbon"[38;5;249m;[0m
 [38;5;240m  │[0m                                                 ───────┬───────  
 [38;5;240m  │[0m                                                        ╰───────── Module not found, treating it as an external dependency
[38;5;246m───╯[0m

extensions\discord\src\monitor\system-events.ts (1:42) [33m[UNRESOLVED_IMPORT] Warning:[0m Could not resolve '@buape/carbon' in extensions/discord/src/monitor/system-events.ts
   [38;5;246m╭[0m[38;5;246m─[0m[38;5;246m[[0m extensions/discord/src/monitor/system-events.ts:1:43 [38;5;246m][0m
   [38;5;246m│[0m
 [38;5;246m1 │[0m [38;5;249mi[0m[38;5;249mm[0m[38;5;249mp[0m[38;5;249mo[0m[38;5;249mr[0m[38;5;249mt[0m[38;5;249m [0m[38;5;249m{[0m[38;5;249m [0m[38;5;249mt[0m[38;5;249my[0m[38;5;249mp[0m[38;5;249me[0m[38;5;249m [0m[38;5;249mM[0m[38;5;249me[0m[38;5;249ms[0m[38;5;249ms[0m[38;5;249ma[0m[38;5;249mg[0m[38;5;249me[0m[38;5;249m,[0m[38;5;249m [0m[38;5;249mM[0m[38;5;249me[0m[38;5;249ms[0m[38;5;249ms[0m[38;5;249ma[0m[38;5;249mg[0m[38;5;249me[0m[38;5;249mT[0m[38;5;249my[0m[38;5;249mp[0m[38;5;249me[0m[38;5;249m [0m[38;5;249m}[0m[38;5;249m [0m[38;5;249mf[0m[38;5;249mr[0m[38;5;249mo[0m[38;5;249mm[0m[38;5;249m [0m"@buape/carbon"[38;5;249m;[0m
 [38;5;240m  │[0m                                           ───────┬───────  
 [38;5;240m  │[0m                                                  ╰───────── Module not found, treating it as an external dependency
[38;5;246m───╯[0m

extensions\discord\src\monitor\model-picker.ts (11:7) [33m[UNRESOLVED_IMPORT] Warning:[0m Could not resolve '@buape/carbon' in extensions/discord/src/monitor/model-picker.ts
    [38;5;246m╭[0m[38;5;246m─[0m[38;5;246m[[0m extensions/discord/src/monitor/model-picker.ts:11:8 [38;5;246m][0m
    [38;5;246m│[0m
 [38;5;246m11 │[0m [38;5;249m}[0m[38;5;249m [0m[38;5;249mf[0m[38;5;249mr[0m[38;5;249mo[0m[38;5;249mm[0m[38;5;249m [0m"@buape/carbon"[38;5;249m;[0m
 [38;5;240m   │[0m        ───────┬───────  
 [38;5;240m   │[0m               ╰───────── Module not found, treating it as an external dependency
[38;5;246m────╯[0m

extensions\discord\src\monitor\model-picker.ts (13:28) [33m[UNRESOLVED_IMPORT] Warning:[0m Could not resolve 'discord-api-types/v10' in extensions/discord/src/monitor/model-picker.ts
    [38;5;246m╭[0m[38;5;246m─[0m[38;5;246m[[0m extensions/discord/src/monitor/model-picker.ts:13:29 [38;5;246m][0m
    [38;5;246m│[0m
 [38;5;246m13 │[0m [38;5;249mi[0m[38;5;249mm[0m[38;5;249mp[0m[38;5;249mo[0m[38;5;249mr[0m[38;5;249mt[0m[38;5;249m [0m[38;5;249m{[0m[38;5;249m [0m[38;5;249mB[0m[38;5;249mu[0m[38;5;249mt[0m[38;5;249mt[0m[38;5;249mo[0m[38;5;249mn[0m[38;5;249mS[0m[38;5;249mt[0m[38;5;249my[0m[38;5;249ml[0m[38;5;249me[0m[38;5;249m [0m[38;5;249m}[0m[38;5;249m [0m[38;5;249mf[0m[38;5;249mr[0m[38;5;249mo[0m[38;5;249mm[0m[38;5;249m [0m"discord-api-types/v10"[38;5;249m;[0m
 [38;5;240m   │[0m                             ───────────┬───────────  
 [38;5;240m   │[0m                                        ╰───────────── Module not found, treating it as an external dependency
[38;5;246m────╯[0m

extensions\matrix\src\matrix\client\file-sync-store.ts (9:7) [33m[UNRESOLVED_IMPORT] Warning:[0m Could not resolve 'matrix-js-sdk' in extensions/matrix/src/matrix/client/file-sync-store.ts
   [38;5;246m╭[0m[38;5;246m─[0m[38;5;246m[[0m extensions/matrix/src/matrix/client/file-sync-store.ts:9:8 [38;5;246m][0m
   [38;5;246m│[0m
 [38;5;246m9 │[0m [38;5;249m}[0m[38;5;249m [0m[38;5;249mf[0m[38;5;249mr[0m[38;5;249mo[0m[38;5;249mm[0m[38;5;249m [0m"matrix-js-sdk"[38;5;249m;[0m
 [38;5;240m  │[0m        ───────┬───────  
 [38;5;240m  │[0m               ╰───────── Module not found, treating it as an external dependency
[38;5;246m───╯[0m

extensions\matrix\src\matrix\client\file-sync-store.ts (10:28) [33m[UNRESOLVED_IMPORT] Warning:[0m Could not resolve 'matrix-js-sdk/lib/store/memory.js' in extensions/matrix/src/matrix/client/file-sync-store.ts
    [38;5;246m╭[0m[38;5;246m─[0m[38;5;246m[[0m extensions/matrix/src/matrix/client/file-sync-store.ts:10:29 [38;5;246m][0m
    [38;5;246m│[0m
 [38;5;246m10 │[0m [38;5;249mi[0m[38;5;249mm[0m[38;5;249mp[0m[38;5;249mo[0m[38;5;249mr[0m[38;5;249mt[0m[38;5;249m [0m[38;5;249m{[0m[38;5;249m [0m[38;5;249mM[0m[38;5;249me[0m[38;5;249mm[0m[38;5;249mo[0m[38;5;249mr[0m[38;5;249my[0m[38;5;249mS[0m[38;5;249mt[0m[38;5;249mo[0m[38;5;249mr[0m[38;5;249me[0m[38;5;249m [0m[38;5;249m}[0m[38;5;249m [0m[38;5;249mf[0m[38;5;249mr[0m[38;5;249mo[0m[38;5;249mm[0m[38;5;249m [0m"matrix-js-sdk/lib/store/memory.js"[38;5;249m;[0m
 [38;5;240m   │[0m                             ─────────────────┬─────────────────  
 [38;5;240m   │[0m                                              ╰─────────────────── Module not found, treating it as an external dependency
[38;5;246m────╯[0m

extensions\matrix\src\matrix\client\file-sync-store.ts (11:32) [33m[UNRESOLVED_IMPORT] Warning:[0m Could not resolve 'matrix-js-sdk/lib/sync-accumulator.js' in extensions/matrix/src/matrix/client/file-sync-store.ts
    [38;5;246m╭[0m[38;5;246m─[0m[38;5;246m[[0m extensions/matrix/src/matrix/client/file-sync-store.ts:11:33 [38;5;246m][0m
    [38;5;246m│[0m
 [38;5;246m11 │[0m [38;5;249mi[0m[38;5;249mm[0m[38;5;249mp[0m[38;5;249mo[0m[38;5;249mr[0m[38;5;249mt[0m[38;5;249m [0m[38;5;249m{[0m[38;5;249m [0m[38;5;249mS[0m[38;5;249my[0m[38;5;249mn[0m[38;5;249mc[0m[38;5;249mA[0m[38;5;249mc[0m[38;5;249mc[0m[38;5;249mu[0m[38;5;249mm[0m[38;5;249mu[0m[38;5;249ml[0m[38;5;249ma[0m[38;5;249mt[0m[38;5;249mo[0m[38;5;249mr[0m[38;5;249m [0m[38;5;249m}[0m[38;5;249m [0m[38;5;249mf[0m[38;5;249mr[0m[38;5;249mo[0m[38;5;249mm[0m[38;5;249m [0m"matrix-js-sdk/lib/sync-accumulator.js"[38;5;249m;[0m
 [38;5;240m   │[0m                                 ───────────────────┬───────────────────  
 [38;5;240m   │[0m                                                    ╰───────────────────── Module not found, treating it as an external dependency
[38;5;246m────╯[0m

extensions\matrix\src\matrix\sdk\decrypt-bridge.ts (1:51) [33m[UNRESOLVED_IMPORT] Warning:[0m Could not resolve 'matrix-js-sdk' in extensions/matrix/src/matrix/sdk/decrypt-bridge.ts
   [38;5;246m╭[0m[38;5;246m─[0m[38;5;246m[[0m extensions/matrix/src/matrix/sdk/decrypt-bridge.ts:1:52 [38;5;246m][0m
   [38;5;246m│[0m
 [38;5;246m1 │[0m [38;5;249mi[0m[38;5;249mm[0m[38;5;249mp[0m[38;5;249mo[0m[38;5;249mr[0m[38;5;249mt[0m[38;5;249m [0m[38;5;249m{[0m[38;5;249m [0m[38;5;249mM[0m[38;5;249ma[0m[38;5;249mt[0m[38;5;249mr[0m[38;5;249mi[0m[38;5;249mx[0m[38;5;249mE[0m[38;5;249mv[0m[38;5;249me[0m[38;5;249mn[0m[38;5;249mt[0m[38;5;249mE[0m[38;5;249mv[0m[38;5;249me[0m[38;5;249mn[0m[38;5;249mt[0m[38;5;249m,[0m[38;5;249m [0m[38;5;249mt[0m[38;5;249my[0m[38;5;249mp[0m[38;5;249me[0m[38;5;249m [0m[38;5;249mM[0m[38;5;249ma[0m[38;5;249mt[0m[38;5;249mr[0m[38;5;249mi[0m[38;5;249mx[0m[38;5;249mE[0m[38;5;249mv[0m[38;5;249me[0m[38;5;249mn[0m[38;5;249mt[0m[38;5;249m [0m[38;5;249m}[0m[38;5;249m [0m[38;5;249mf[0m[38;5;249mr[0m[38;5;249mo[0m[38;5;249mm[0m[38;5;249m [0m"matrix-js-sdk"[38;5;249m;[0m
 [38;5;240m  │[0m                                                    ───────┬───────  
 [38;5;240m  │[0m                                                           ╰───────── Module not found, treating it as an external dependency
[38;5;246m───╯[0m

extensions\matrix\src\matrix\sdk\decrypt-bridge.ts (2:28) [33m[UNRESOLVED_IMPORT] Warning:[0m Could not resolve 'matrix-js-sdk/lib/crypto-api/CryptoEvent.js' in extensions/matrix/src/matrix/sdk/decrypt-bridge.ts
   [38;5;246m╭[0m[38;5;246m─[0m[38;5;246m[[0m extensions/matrix/src/matrix/sdk/decrypt-bridge.ts:2:29 [38;5;246m][0m
   [38;5;246m│[0m
 [38;5;246m2 │[0m [38;5;249mi[0m[38;5;249mm[0m[38;5;249mp[0m[38;5;249mo[0m[38;5;249mr[0m[38;5;249mt[0m[38;5;249m [0m[38;5;249m{[0m[38;5;249m [0m[38;5;249mC[0m[38;5;249mr[0m[38;5;249my[0m[38;5;249mp[0m[38;5;249mt[0m[38;5;249mo[0m[38;5;249mE[0m[38;5;249mv[0m[38;5;249me[0m[38;5;249mn[0m[38;5;249mt[0m[38;5;249m [0m[38;5;249m}[0m[38;5;249m [0m[38;5;249mf[0m[38;5;249mr[0m[38;5;249mo[0m[38;5;249mm[0m[38;5;249m [0m"matrix-js-sdk/lib/crypto-api/CryptoEvent.js"[38;5;249m;[0m
 [38;5;240m  │[0m                             ──────────────────────┬──────────────────────  
 [38;5;240m  │[0m                                                   ╰──────────────────────── Module not found, treating it as an external dependency
[38;5;246m───╯[0m

extensions\matrix\src\matrix\sdk\idb-persistence.ts (3:43) [33m[UNRESOLVED_IMPORT] Warning:[0m Could not resolve 'fake-indexeddb' in extensions/matrix/src/matrix/sdk/idb-persistence.ts
   [38;5;246m╭[0m[38;5;246m─[0m[38;5;246m[[0m extensions/matrix/src/matrix/sdk/idb-persistence.ts:3:44 [38;5;246m][0m
   [38;5;246m│[0m
 [38;5;246m3 │[0m [38;5;249mi[0m[38;5;249mm[0m[38;5;249mp[0m[38;5;249mo[0m[38;5;249mr[0m[38;5;249mt[0m[38;5;249m [0m[38;5;249m{[0m[38;5;249m [0m[38;5;249mi[0m[38;5;249mn[0m[38;5;249md[0m[38;5;249me[0m[38;5;249mx[0m[38;5;249me[0m[38;5;249md[0m[38;5;249mD[0m[38;5;249mB[0m[38;5;249m [0m[38;5;249ma[0m[38;5;249ms[0m[38;5;249m [0m[38;5;249mf[0m[38;5;249ma[0m[38;5;249mk[0m[38;5;249me[0m[38;5;249mI[0m[38;5;249mn[0m[38;5;249md[0m[38;5;249me[0m[38;5;249mx[0m[38;5;249me[0m[38;5;249md[0m[38;5;249mD[0m[38;5;249mB[0m[38;5;249m [0m[38;5;249m}[0m[38;5;249m [0m[38;5;249mf[0m[38;5;249mr[0m[38;5;249mo[0m[38;5;249mm[0m[38;5;249m [0m"fake-indexeddb"[38;5;249m;[0m
 [38;5;240m  │[0m                                            ────────┬───────  
 [38;5;240m  │[0m                                                    ╰───────── Module not found, treating it as an external dependency
[38;5;246m───╯[0m

extensions\matrix\src\matrix\sdk\crypto-bootstrap.ts (1:28) [33m[UNRESOLVED_IMPORT] Warning:[0m Could not resolve 'matrix-js-sdk/lib/crypto-api/CryptoEvent.js' in extensions/matrix/src/matrix/sdk/crypto-bootstrap.ts
   [38;5;246m╭[0m[38;5;246m─[0m[38;5;246m[[0m extensions/matrix/src/matrix/sdk/crypto-bootstrap.ts:1:29 [38;5;246m][0m
   [38;5;246m│[0m
 [38;5;246m1 │[0m [38;5;249mi[0m[38;5;249mm[0m[38;5;249mp[0m[38;5;249mo[0m[38;5;249mr[0m[38;5;249mt[0m[38;5;249m [0m[38;5;249m{[0m[38;5;249m [0m[38;5;249mC[0m[38;5;249mr[0m[38;5;249my[0m[38;5;249mp[0m[38;5;249mt[0m[38;5;249mo[0m[38;5;249mE[0m[38;5;249mv[0m[38;5;249me[0m[38;5;249mn[0m[38;5;249mt[0m[38;5;249m [0m[38;5;249m}[0m[38;5;249m [0m[38;5;249mf[0m[38;5;249mr[0m[38;5;249mo[0m[38;5;249mm[0m[38;5;249m [0m"matrix-js-sdk/lib/crypto-api/CryptoEvent.js"[38;5;249m;[0m
 [38;5;240m  │[0m                             ──────────────────────┬──────────────────────  
 [38;5;240m  │[0m                                                   ╰──────────────────────── Module not found, treating it as an external dependency
[38;5;246m───╯[0m

extensions\matrix\src\matrix\sdk\recovery-key-store.ts (3:34) [33m[UNRESOLVED_IMPORT] Warning:[0m Could not resolve 'matrix-js-sdk/lib/crypto-api/recovery-key.js' in extensions/matrix/src/matrix/sdk/recovery-key-store.ts
   [38;5;246m╭[0m[38;5;246m─[0m[38;5;246m[[0m extensions/matrix/src/matrix/sdk/recovery-key-store.ts:3:35 [38;5;246m][0m
   [38;5;246m│[0m
 [38;5;246m3 │[0m [38;5;249mi[0m[38;5;249mm[0m[38;5;249mp[0m[38;5;249mo[0m[38;5;249mr[0m[38;5;249mt[0m[38;5;249m [0m[38;5;249m{[0m[38;5;249m [0m[38;5;249md[0m[38;5;249me[0m[38;5;249mc[0m[38;5;249mo[0m[38;5;249md[0m[38;5;249me[0m[38;5;249mR[0m[38;5;249me[0m[38;5;249mc[0m[38;5;249mo[0m[38;5;249mv[0m[38;5;249me[0m[38;5;249mr[0m[38;5;249my[0m[38;5;249mK[0m[38;5;249me[0m[38;5;249my[0m[38;5;249m [0m[38;5;249m}[0m[38;5;249m [0m[38;5;249mf[0m[38;5;249mr[0m[38;5;249mo[0m[38;5;249mm[0m[38;5;249m [0m"matrix-js-sdk/lib/crypto-api/recovery-key.js"[38;5;249m;[0m
 [38;5;240m  │[0m                                   ───────────────────────┬──────────────────────  
 [38;5;240m  │[0m                                                          ╰──────────────────────── Module not found, treating it as an external dependency
[38;5;246m───╯[0m

extensions\matrix\src\matrix\sdk\verification-manager.ts (5:7) [33m[UNRESOLVED_IMPORT] Warning:[0m Could not resolve 'matrix-js-sdk/lib/crypto-api/verification.js' in extensions/matrix/src/matrix/sdk/verification-manager.ts
   [38;5;246m╭[0m[38;5;246m─[0m[38;5;246m[[0m extensions/matrix/src/matrix/sdk/verification-manager.ts:5:8 [38;5;246m][0m
   [38;5;246m│[0m
 [38;5;246m5 │[0m [38;5;249m}[0m[38;5;249m [0m[38;5;249mf[0m[38;5;249mr[0m[38;5;249mo[0m[38;5;249mm[0m[38;5;249m [0m"matrix-js-sdk/lib/crypto-api/verification.js"[38;5;249m;[0m
 [38;5;240m  │[0m        ───────────────────────┬──────────────────────  
 [38;5;240m  │[0m                               ╰──────────────────────── Module not found, treating it as an external dependency
[38;5;246m───╯[0m

extensions\matrix\src\matrix\sdk\verification-manager.ts (6:35) [33m[UNRESOLVED_IMPORT] Warning:[0m Could not resolve 'matrix-js-sdk/lib/types.js' in extensions/matrix/src/matrix/sdk/verification-manager.ts
   [38;5;246m╭[0m[38;5;246m─[0m[38;5;246m[[0m extensions/matrix/src/matrix/sdk/verification-manager.ts:6:36 [38;5;246m][0m
   [38;5;246m│[0m
 [38;5;246m6 │[0m [38;5;249mi[0m[38;5;249mm[0m[38;5;249mp[0m[38;5;249mo[0m[38;5;249mr[0m[38;5;249mt[0m[38;5;249m [0m[38;5;249m{[0m[38;5;249m [0m[38;5;249mV[0m[38;5;249me[0m[38;5;249mr[0m[38;5;249mi[0m[38;5;249mf[0m[38;5;249mi[0m[38;5;249mc[0m[38;5;249ma[0m[38;5;249mt[0m[38;5;249mi[0m[38;5;249mo[0m[38;5;249mn[0m[38;5;249mM[0m[38;5;249me[0m[38;5;249mt[0m[38;5;249mh[0m[38;5;249mo[0m[38;5;249md[0m[38;5;249m [0m[38;5;249m}[0m[38;5;249m [0m[38;5;249mf[0m[38;5;249mr[0m[38;5;249mo[0m[38;5;249mm[0m[38;5;249m [0m"matrix-js-sdk/lib/types.js"[38;5;249m;[0m
 [38;5;240m  │[0m                                    ──────────────┬─────────────  
 [38;5;240m  │[0m                                                  ╰─────────────── Module not found, treating it as an external dependency
[38;5;246m───╯[0m

extensions\tlon\src\tlon-api.ts (2:43) [33m[UNRESOLVED_IMPORT] Warning:[0m Could not resolve '@aws-sdk/client-s3' in extensions/tlon/src/tlon-api.ts
   [38;5;246m╭[0m[38;5;246m─[0m[38;5;246m[[0m extensions/tlon/src/tlon-api.ts:2:44 [38;5;246m][0m
   [38;5;246m│[0m
 [38;5;246m2 │[0m [38;5;249mi[0m[38;5;249mm[0m[38;5;249mp[0m[38;5;249mo[0m[38;5;249mr[0m[38;5;249mt[0m[38;5;249m [0m[38;5;249m{[0m[38;5;249m [0m[38;5;249mP[0m[38;5;249mu[0m[38;5;249mt[0m[38;5;249mO[0m[38;5;249mb[0m[38;5;249mj[0m[38;5;249me[0m[38;5;249mc[0m[38;5;249mt[0m[38;5;249mC[0m[38;5;249mo[0m[38;5;249mm[0m[38;5;249mm[0m[38;5;249ma[0m[38;5;249mn[0m[38;5;249md[0m[38;5;249m,[0m[38;5;249m [0m[38;5;249mS[0m[38;5;249m3[0m[38;5;249mC[0m[38;5;249ml[0m[38;5;249mi[0m[38;5;249me[0m[38;5;249mn[0m[38;5;249mt[0m[38;5;249m [0m[38;5;249m}[0m[38;5;249m [0m[38;5;249mf[0m[38;5;249mr[0m[38;5;249mo[0m[38;5;249mm[0m[38;5;249m [0m"@aws-sdk/client-s3"[38;5;249m;[0m
 [38;5;240m  │[0m                                            ──────────┬─────────  
 [38;5;240m  │[0m                                                      ╰─────────── Module not found, treating it as an external dependency
[38;5;246m───╯[0m

extensions\tlon\src\tlon-api.ts (3:29) [33m[UNRESOLVED_IMPORT] Warning:[0m Could not resolve '@aws-sdk/s3-request-presigner' in extensions/tlon/src/tlon-api.ts
   [38;5;246m╭[0m[38;5;246m─[0m[38;5;246m[[0m extensions/tlon/src/tlon-api.ts:3:30 [38;5;246m][0m
   [38;5;246m│[0m
 [38;5;246m3 │[0m [38;5;249mi[0m[38;5;249mm[0m[38;5;249mp[0m[38;5;249mo[0m[38;5;249mr[0m[38;5;249mt[0m[38;5;249m [0m[38;5;249m{[0m[38;5;249m [0m[38;5;249mg[0m[38;5;249me[0m[38;5;249mt[0m[38;5;249mS[0m[38;5;249mi[0m[38;5;249mg[0m[38;5;249mn[0m[38;5;249me[0m[38;5;249md[0m[38;5;249mU[0m[38;5;249mr[0m[38;5;249ml[0m[38;5;249m [0m[38;5;249m}[0m[38;5;249m [0m[38;5;249mf[0m[38;5;249mr[0m[38;5;249mo[0m[38;5;249mm[0m[38;5;249m [0m"@aws-sdk/s3-request-presigner"[38;5;249m;[0m
 [38;5;240m  │[0m                              ───────────────┬───────────────  
 [38;5;240m  │[0m                                             ╰───────────────── Module not found, treating it as an external dependency
[38;5;246m───╯[0m

extensions\zalouser\src\zca-client.ts (1:30) [33m[UNRESOLVED_IMPORT] Warning:[0m Could not resolve 'zca-js' in extensions/zalouser/src/zca-client.ts
   [38;5;246m╭[0m[38;5;246m─[0m[38;5;246m[[0m extensions/zalouser/src/zca-client.ts:1:31 [38;5;246m][0m
   [38;5;246m│[0m
 [38;5;246m1 │[0m [38;5;249mi[0m[38;5;249mm[0m[38;5;249mp[0m[38;5;249mo[0m[38;5;249mr[0m[38;5;249mt[0m[38;5;249m [0m[38;5;249m*[0m[38;5;249m [0m[38;5;249ma[0m[38;5;249ms[0m[38;5;249m [0m[38;5;249mz[0m[38;5;249mc[0m[38;5;249ma[0m[38;5;249mJ[0m[38;5;249ms[0m[38;5;249mR[0m[38;5;249mu[0m[38;5;249mn[0m[38;5;249mt[0m[38;5;249mi[0m[38;5;249mm[0m[38;5;249me[0m[38;5;249m [0m[38;5;249mf[0m[38;5;249mr[0m[38;5;249mo[0m[38;5;249mm[0m[38;5;249m [0m"zca-js"[38;5;249m;[0m
 [38;5;240m  │[0m                               ────┬───  
 [38;5;240m  │[0m                                   ╰───── Module not found, treating it as an external dependency
[38;5;246m───╯[0m

extensions\discord\src\monitor\agent-components-helpers.ts (12:28) [33m[UNRESOLVED_IMPORT] Warning:[0m Could not resolve 'discord-api-types/v10' in extensions/discord/src/monitor/agent-components-helpers.ts
    [38;5;246m╭[0m[38;5;246m─[0m[38;5;246m[[0m extensions/discord/src/monitor/agent-components-helpers.ts:12:29 [38;5;246m][0m
    [38;5;246m│[0m
 [38;5;246m12 │[0m [38;5;249mi[0m[38;5;249mm[0m[38;5;249mp[0m[38;5;249mo[0m[38;5;249mr[0m[38;5;249mt[0m[38;5;249m [0m[38;5;249m{[0m[38;5;249m [0m[38;5;249mC[0m[38;5;249mh[0m[38;5;249ma[0m[38;5;249mn[0m[38;5;249mn[0m[38;5;249me[0m[38;5;249ml[0m[38;5;249mT[0m[38;5;249my[0m[38;5;249mp[0m[38;5;249me[0m[38;5;249m [0m[38;5;249m}[0m[38;5;249m [0m[38;5;249mf[0m[38;5;249mr[0m[38;5;249mo[0m[38;5;249mm[0m[38;5;249m [0m"discord-api-types/v10"[38;5;249m;[0m
 [38;5;240m   │[0m                             ───────────┬───────────  
 [38;5;240m   │[0m                                        ╰───────────── Module not found, treating it as an external dependency
[38;5;246m────╯[0m

extensions\discord\src\draft-stream.ts (2:23) [33m[UNRESOLVED_IMPORT] Warning:[0m Could not resolve 'discord-api-types/v10' in extensions/discord/src/draft-stream.ts
   [38;5;246m╭[0m[38;5;246m─[0m[38;5;246m[[0m extensions/discord/src/draft-stream.ts:2:24 [38;5;246m][0m
   [38;5;246m│[0m
 [38;5;246m2 │[0m [38;5;249mi[0m[38;5;249mm[0m[38;5;249mp[0m[38;5;249mo[0m[38;5;249mr[0m[38;5;249mt[0m[38;5;249m [0m[38;5;249m{[0m[38;5;249m [0m[38;5;249mR[0m[38;5;249mo[0m[38;5;249mu[0m[38;5;249mt[0m[38;5;249me[0m[38;5;249ms[0m[38;5;249m [0m[38;5;249m}[0m[38;5;249m [0m[38;5;249mf[0m[38;5;249mr[0m[38;5;249mo[0m[38;5;249mm[0m[38;5;249m [0m"discord-api-types/v10"[38;5;249m;[0m
 [38;5;240m  │[0m                        ───────────┬───────────  
 [38;5;240m  │[0m                                   ╰───────────── Module not found, treating it as an external dependency
[38;5;246m───╯[0m

extensions\telegram\src\bot.runtime.ts (1:30) [33m[UNRESOLVED_IMPORT] Warning:[0m Could not resolve '@grammyjs/runner' in extensions/telegram/src/bot.runtime.ts
   [38;5;246m╭[0m[38;5;246m─[0m[38;5;246m[[0m extensions/telegram/src/bot.runtime.ts:1:31 [38;5;246m][0m
   [38;5;246m│[0m
 [38;5;246m1 │[0m [38;5;249me[0m[38;5;249mx[0m[38;5;249mp[0m[38;5;249mo[0m[38;5;249mr[0m[38;5;249mt[0m[38;5;249m [0m[38;5;249m{[0m[38;5;249m [0m[38;5;249ms[0m[38;5;249me[0m[38;5;249mq[0m[38;5;249mu[0m[38;5;249me[0m[38;5;249mn[0m[38;5;249mt[0m[38;5;249mi[0m[38;5;249ma[0m[38;5;249ml[0m[38;5;249mi[0m[38;5;249mz[0m[38;5;249me[0m[38;5;249m [0m[38;5;249m}[0m[38;5;249m [0m[38;5;249mf[0m[38;5;249mr[0m[38;5;249mo[0m[38;5;249mm[0m[38;5;249m [0m"@grammyjs/runner"[38;5;249m;[0m
 [38;5;240m  │[0m                               ─────────┬────────  
 [38;5;240m  │[0m                                        ╰────────── Module not found, treating it as an external dependency
[38;5;246m───╯[0m

extensions\telegram\src\bot.runtime.ts (2:29) [33m[UNRESOLVED_IMPORT] Warning:[0m Could not resolve '@grammyjs/transformer-throttler' in extensions/telegram/src/bot.runtime.ts
   [38;5;246m╭[0m[38;5;246m─[0m[38;5;246m[[0m extensions/telegram/src/bot.runtime.ts:2:30 [38;5;246m][0m
   [38;5;246m│[0m
 [38;5;246m2 │[0m [38;5;249me[0m[38;5;249mx[0m[38;5;249mp[0m[38;5;249mo[0m[38;5;249mr[0m[38;5;249mt[0m[38;5;249m [0m[38;5;249m{[0m[38;5;249m [0m[38;5;249ma[0m[38;5;249mp[0m[38;5;249mi[0m[38;5;249mT[0m[38;5;249mh[0m[38;5;249mr[0m[38;5;249mo[0m[38;5;249mt[0m[38;5;249mt[0m[38;5;249ml[0m[38;5;249me[0m[38;5;249mr[0m[38;5;249m [0m[38;5;249m}[0m[38;5;249m [0m[38;5;249mf[0m[38;5;249mr[0m[38;5;249mo[0m[38;5;249mm[0m[38;5;249m [0m"@grammyjs/transformer-throttler"[38;5;249m;[0m
 [38;5;240m  │[0m                              ────────────────┬────────────────  
 [38;5;240m  │[0m                                              ╰────────────────── Module not found, treating it as an external dependency
[38;5;246m───╯[0m

extensions\telegram\src\bot.runtime.ts (3:20) [33m[UNRESOLVED_IMPORT] Warning:[0m Could not resolve 'grammy' in extensions/telegram/src/bot.runtime.ts
   [38;5;246m╭[0m[38;5;246m─[0m[38;5;246m[[0m extensions/telegram/src/bot.runtime.ts:3:21 [38;5;246m][0m
   [38;5;246m│[0m
 [38;5;246m3 │[0m [38;5;249me[0m[38;5;249mx[0m[38;5;249mp[0m[38;5;249mo[0m[38;5;249mr[0m[38;5;249mt[0m[38;5;249m [0m[38;5;249m{[0m[38;5;249m [0m[38;5;249mB[0m[38;5;249mo[0m[38;5;249mt[0m[38;5;249m [0m[38;5;249m}[0m[38;5;249m [0m[38;5;249mf[0m[38;5;249mr[0m[38;5;249mo[0m[38;5;249mm[0m[38;5;249m [0m"grammy"[38;5;249m;[0m
 [38;5;240m  │[0m                     ────┬───  
 [38;5;240m  │[0m                         ╰───── Module not found, treating it as an external dependency
[38;5;246m───╯[0m

extensions\telegram\src\bot\delivery.resolve-media.ts (2:28) [33m[UNRESOLVED_IMPORT] Warning:[0m Could not resolve 'grammy' in extensions/telegram/src/bot/delivery.resolve-media.ts
   [38;5;246m╭[0m[38;5;246m─[0m[38;5;246m[[0m extensions/telegram/src/bot/delivery.resolve-media.ts:2:29 [38;5;246m][0m
   [38;5;246m│[0m
 [38;5;246m2 │[0m [38;5;249mi[0m[38;5;249mm[0m[38;5;249mp[0m[38;5;249mo[0m[38;5;249mr[0m[38;5;249mt[0m[38;5;249m [0m[38;5;249m{[0m[38;5;249m [0m[38;5;249mG[0m[38;5;249mr[0m[38;5;249ma[0m[38;5;249mm[0m[38;5;249mm[0m[38;5;249my[0m[38;5;249mE[0m[38;5;249mr[0m[38;5;249mr[0m[38;5;249mo[0m[38;5;249mr[0m[38;5;249m [0m[38;5;249m}[0m[38;5;249m [0m[38;5;249mf[0m[38;5;249mr[0m[38;5;249mo[0m[38;5;249mm[0m[38;5;249m [0m"grammy"[38;5;249m;[0m
 [38;5;240m  │[0m                             ────┬───  
 [38;5;240m  │[0m                                 ╰───── Module not found, treating it as an external dependency
[38;5;246m───╯[0m

extensions\telegram\src\bot\delivery.replies.ts (1:49) [33m[UNRESOLVED_IMPORT] Warning:[0m Could not resolve 'grammy' in extensions/telegram/src/bot/delivery.replies.ts
   [38;5;246m╭[0m[38;5;246m─[0m[38;5;246m[[0m extensions/telegram/src/bot/delivery.replies.ts:1:50 [38;5;246m][0m
   [38;5;246m│[0m
 [38;5;246m1 │[0m [38;5;249mi[0m[38;5;249mm[0m[38;5;249mp[0m[38;5;249mo[0m[38;5;249mr[0m[38;5;249mt[0m[38;5;249m [0m[38;5;249m{[0m[38;5;249m [0m[38;5;249mt[0m[38;5;249my[0m[38;5;249mp[0m[38;5;249me[0m[38;5;249m [0m[38;5;249mB[0m[38;5;249mo[0m[38;5;249mt[0m[38;5;249m,[0m[38;5;249m [0m[38;5;249mG[0m[38;5;249mr[0m[38;5;249ma[0m[38;5;249mm[0m[38;5;249mm[0m[38;5;249my[0m[38;5;249mE[0m[38;5;249mr[0m[38;5;249mr[0m[38;5;249mo[0m[38;5;249mr[0m[38;5;249m,[0m[38;5;249m [0m[38;5;249mI[0m[38;5;249mn[0m[38;5;249mp[0m[38;5;249mu[0m[38;5;249mt[0m[38;5;249mF[0m[38;5;249mi[0m[38;5;249ml[0m[38;5;249me[0m[38;5;249m [0m[38;5;249m}[0m[38;5;249m [0m[38;5;249mf[0m[38;5;249mr[0m[38;5;249mo[0m[38;5;249mm[0m[38;5;249m [0m"grammy"[38;5;249m;[0m
 [38;5;240m  │[0m                                                  ────┬───  
 [38;5;240m  │[0m                                                      ╰───── Module not found, treating it as an external dependency
[38;5;246m───╯[0m

extensions\telegram\src\bot\delivery.send.ts (1:38) [33m[UNRESOLVED_IMPORT] Warning:[0m Could not resolve 'grammy' in extensions/telegram/src/bot/delivery.send.ts
   [38;5;246m╭[0m[38;5;246m─[0m[38;5;246m[[0m extensions/telegram/src/bot/delivery.send.ts:1:39 [38;5;246m][0m
   [38;5;246m│[0m
 [38;5;246m1 │[0m [38;5;249mi[0m[38;5;249mm[0m[38;5;249mp[0m[38;5;249mo[0m[38;5;249mr[0m[38;5;249mt[0m[38;5;249m [0m[38;5;249m{[0m[38;5;249m [0m[38;5;249mt[0m[38;5;249my[0m[38;5;249mp[0m[38;5;249me[0m[38;5;249m [0m[38;5;249mB[0m[38;5;249mo[0m[38;5;249mt[0m[38;5;249m,[0m[38;5;249m [0m[38;5;249mG[0m[38;5;249mr[0m[38;5;249ma[0m[38;5;249mm[0m[38;5;249mm[0m[38;5;249my[0m[38;5;249mE[0m[38;5;249mr[0m[38;5;249mr[0m[38;5;249mo[0m[38;5;249mr[0m[38;5;249m [0m[38;5;249m}[0m[38;5;249m [0m[38;5;249mf[0m[38;5;249mr[0m[38;5;249mo[0m[38;5;249mm[0m[38;5;249m [0m"grammy"[38;5;249m;[0m
 [38;5;240m  │[0m                                       ────┬───  
 [38;5;240m  │[0m                                           ╰───── Module not found, treating it as an external dependency
[38;5;246m───╯[0m

